PHRASES,MEANING,TEMIZ,,
account for FORMAL,"If you account for something, you explain how it came to be the way it is.",account for,account for,"account for | If you account for something, you explain how it came to be the way it is."
act as,to perform the same function as a particular person or thing,act as,act as,act as | to perform the same function as a particular person or thing
act for,"If you act for someone, you represent them.",act for,act for,"act for | If you act for someone, you represent them."
act on,"If you act on somebody's advice, you do as they suggest.",act on,act on,"act on | If you act on somebody's advice, you do as they suggest."
act out,"If you act out, you express your feelings through acts or words.",act out,act out,"act out | If you act out, you express your feelings through acts or words."
act up INFORMAL,"If a part of your body or a piece of equipment acts up, it doesn't work properly.",act up,act up,"act up | If a part of your body or a piece of equipment acts up, it doesn't work properly."
add to,"If something adds to something, it makes it better, greater, stronger or more extreme in some way.",add to,add to,"add to | If something adds to something, it makes it better, greater, stronger or more extreme in some way."
add up,to add two or more numbers in order to find the total amount,add up,add up,add up | to add two or more numbers in order to find the total amount
add up to,"If two or more numbers add up to another number, this is the total you get if you add them together.",add up to,add up to,"add up to | If two or more numbers add up to another number, this is the total you get if you add them together."
adhere to FORMAL,"If you adhere to a law, a rule or a contract, you obey it or follow it.",adhere to,adhere to,"adhere to | If you adhere to a law, a rule or a contract, you obey it or follow it."
advise against FORMAL,to suggest to someone that they should not do something they are thinking of doing,advise against,advise against,advise against | to suggest to someone that they should not do something they are thinking of doing
advise of FORMAL,"If you advise someone of something, you tell them about it.",advise of,advise of,"advise of | If you advise someone of something, you tell them about it."
agree with,"If a certain place or lifestyle agrees with you, it suits you and is good for you.",agree with,agree with,"agree with | If a certain place or lifestyle agrees with you, it suits you and is good for you."
aim at,"If you aim a product or a creative work at a particular group of people, you see those people as your market or your audience.",aim at,aim at,"aim at | If you aim a product or a creative work at a particular group of people, you see those people as your market or your audience."
allow for,"to consider something, or take it into account, when making plans or making a decision",allow for,allow for,"allow for | to consider something, or take it into account, when making plans or making a decision"
allude to FORMAL,to mention or refer to something or someone in an indirect way,allude to,allude to,allude to | to mention or refer to something or someone in an indirect way
amount to,"to be similar to, or to have the same effect as",amount to,amount to,"amount to | to be similar to, or to have the same effect as"
answer back,"to reply rudely to someone who is in a position of authority, such as a teacher, a parent or a coach",answer back,answer back,"answer back | to reply rudely to someone who is in a position of authority, such as a teacher, a parent or a coach"
answer for,to be held responsible for something,answer for,answer for,answer for | to be held responsible for something
appeal for,"to ask for something, usually in order to help deal with a crisis or an emergency",appeal for,appeal for,"appeal for | to ask for something, usually in order to help deal with a crisis or an emergency"
appeal to,"If something appeals to you, you like it.",appeal to,appeal to,"appeal to | If something appeals to you, you like it."
apply to,"If something applies to you, it is relevant to you or you are affected by it.",apply to,apply to,"apply to | If something applies to you, it is relevant to you or you are affected by it."
arrive at,"to reach a result, a conclusion or a decision after considering relevant factors or details",arrive at,arrive at,"arrive at | to reach a result, a conclusion or a decision after considering relevant factors or details"
ask after,"If you ask after someone, you ask about them when you talk to someone who's seen them recently.",ask after,ask after,"ask after | If you ask after someone, you ask about them when you talk to someone who's seen them recently."
ask for,to let someone know that you'd like them to give you something,ask for,ask for,ask for | to let someone know that you'd like them to give you something
ask out,"If you ask somebody out, you ask someone you like to go on a date with you.",ask out,ask out,"ask out | If you ask somebody out, you ask someone you like to go on a date with you."
ask over,"If you ask some people over, you invite them to your house.",ask over,ask over,"ask over | If you ask some people over, you invite them to your house."
associate with,"If you associate with someone, you regularly spend time with them.",associate with,associate with,"associate with | If you associate with someone, you regularly spend time with them."
attach to,to believe that something has importance or significance in relation to something else,attach to,attach to,attach to | to believe that something has importance or significance in relation to something else
attend to,to deal with something or someone,attend to,attend to,attend to | to deal with something or someone
attribute to,to believe that something results directly from a certain event or fact,attribute to,attribute to,attribute to | to believe that something results directly from a certain event or fact
auction off,to sell something to the highest bidder at an auction,auction off,auction off,auction off | to sell something to the highest bidder at an auction
average out at,to come to a certain amount on average,average out at,average out at,average out at | to come to a certain amount on average
back down,"to decide not to do something because of opposition, or because of pressure from authorities",back down,back down,"back down | to decide not to do something because of opposition, or because of pressure from authorities"
back out,"If you back out of something like an agreement or a deal, you decide not to follow through on it.",back out,back out,"back out | If you back out of something like an agreement or a deal, you decide not to follow through on it."
back up (1),"to make an extra copy of digital information on disc, flash drive, external hard drive, etc. in case the original data is lost",back up (1),back up,"back up | to make an extra copy of digital information on disc, flash drive, external hard drive, etc. in case the original data is lost"
back up (2),"If you back up what you say, you use evidence or examples to show that it's true.",back up (2),back up,"back up | If you back up what you say, you use evidence or examples to show that it's true."
bail out (1),"to help out someone or something that's in serious trouble, especially financial trouble",bail out (1),bail out,"bail out | to help out someone or something that's in serious trouble, especially financial trouble"
bail out (2),to give money to a court so that an accused person doesn't have to stay in jail until their trial begins,bail out (2),bail out,bail out | to give money to a court so that an accused person doesn't have to stay in jail until their trial begins
bank on,"If you bank on something happening or someone doing something, you depend on it or count on it.",bank on,bank on,"bank on | If you bank on something happening or someone doing something, you depend on it or count on it."
base on (1),"to use specific information, ideas or past experiences as a basis for making a decision",base on (1),base on,"base on | to use specific information, ideas or past experiences as a basis for making a decision"
base on (2),to use something as source material,base on (2),base on,base on | to use something as source material
bear on,"to have relevance to, or influence on, something",bear on,bear on,"bear on | to have relevance to, or influence on, something"
bear out,to show that someone is correct or that something is true,bear out,bear out,bear out | to show that someone is correct or that something is true
beat up,"to hurt someone by punching, kicking or hitting them with a hard object",beat up,beat up,"beat up | to hurt someone by punching, kicking or hitting them with a hard object"
become of,"If you ask what has become of someone you haven't seen or heard from for a long time, you want to know what's happened to them.",become of,become of,"become of | If you ask what has become of someone you haven't seen or heard from for a long time, you want to know what's happened to them."
beef up,to make something stronger or more powerful,beef up,beef up,beef up | to make something stronger or more powerful
begin with,"If an activity or an event begins with something, that's the first thing that happens.",begin with,begin with,"begin with | If an activity or an event begins with something, that's the first thing that happens."
believe in,"If you believe in something, you're sure that it's true or it really exists.",believe in,believe in,"believe in | If you believe in something, you're sure that it's true or it really exists."
belong to,"If something belongs to a person, it is owned by that person.",belong to,belong to,"belong to | If something belongs to a person, it is owned by that person."
bend down,to move the upper part of your body forwards and downwards,bend down,bend down,bend down | to move the upper part of your body forwards and downwards
bet on,to be sure that something will happen,bet on,bet on,bet on | to be sure that something will happen
bite off,to separate something from whatever it's attached to by biting it,bite off,bite off,bite off | to separate something from whatever it's attached to by biting it
black out,to lose consciousness,black out,black out,black out | to lose consciousness
blow away,to surprise or amaze someone,blow away,blow away,blow away | to surprise or amaze someone
blow out,"If a flame blows out, it goes out because someone blows on it or because of the wind.",blow out,blow out,"blow out | If a flame blows out, it goes out because someone blows on it or because of the wind."
blow up (1),"If you blow up something, you use explosives to damage or destroy it.",blow up (1),blow up,"blow up | If you blow up something, you use explosives to damage or destroy it."
blow up (2),to fill with air or gas in order to inflate something,blow up (2),blow up,blow up | to fill with air or gas in order to inflate something
blow up (3),to make a photograph larger,blow up (3),blow up,blow up | to make a photograph larger
border on,"If something like an action or an attitude borders on something more extreme, it is close to being that extreme.",border on,border on,"border on | If something like an action or an attitude borders on something more extreme, it is close to being that extreme."
bow out,"to resign from a job, or to end a career, usually after a long time",bow out,bow out,"bow out | to resign from a job, or to end a career, usually after a long time"
break down (1),"If a machine or a vehicle breaks down, it stops working because of a mechanical problem.",break down (1),break down,"break down | If a machine or a vehicle breaks down, it stops working because of a mechanical problem."
break down (2),"If someone breaks down, they start crying.",break down (2),break down,"break down | If someone breaks down, they start crying."
break into,"If someone breaks into a building or a vehicle, they force their way in, usually to steal something.",break into,break into,"break into | If someone breaks into a building or a vehicle, they force their way in, usually to steal something."
break out,to escape from somewhere like a jail or a detention centre,break out,break out,break out | to escape from somewhere like a jail or a detention centre
break up,"If you break up with your boyfriend or girlfriend, you end your relationship with him or her.",break up,break up,"break up | If you break up with your boyfriend or girlfriend, you end your relationship with him or her."
breathe in,to fill your lungs with air by drawing it in through your nose or mouth,breathe in,breathe in,breathe in | to fill your lungs with air by drawing it in through your nose or mouth
breathe out,to push air out from your lungs through your nose or mouth,breathe out,breathe out,breathe out | to push air out from your lungs through your nose or mouth
brighten up (1),to make a place or a thing look more cheerful and more lively,brighten up (1),brighten up,brighten up | to make a place or a thing look more cheerful and more lively
brighten up (2),to become happier and feel more cheerful,brighten up (2),brighten up,brighten up | to become happier and feel more cheerful
bring about,"If you bring about something, you cause it to happen or you make it happen.",bring about,bring about,"bring about | If you bring about something, you cause it to happen or you make it happen."
bring back (1),to bring something with you when you return from somewhere,bring back (1),bring back,bring back | to bring something with you when you return from somewhere
bring back (2),"to make something from the past come back, such as a memory, a feeling, an idea, etc.",bring back (2),bring back,"bring back | to make something from the past come back, such as a memory, a feeling, an idea, etc."
bring down,to cause a government or a leader to lose power,bring down,bring down,bring down | to cause a government or a leader to lose power
bring forward,to change the date or time of an event so that it happens earlier than originally planned,bring forward,bring forward,bring forward | to change the date or time of an event so that it happens earlier than originally planned
bring off,to succeed in doing something that's difficult,bring off,bring off,bring off | to succeed in doing something that's difficult
bring on,to cause something like an illness or a painful emotion,bring on,bring on,bring on | to cause something like an illness or a painful emotion
bring out (1),to release a new product,bring out (1),bring out,bring out | to release a new product
bring out (2),to make a quality in someone or something show itself,bring out (2),bring out,bring out | to make a quality in someone or something show itself
bring up (1),"If you bring somebody up, you raise them from childhood to young adulthood.",bring up (1),bring up,"bring up | If you bring somebody up, you raise them from childhood to young adulthood."
bring up (2),"to raise a new topic for discussion, or to mention a particular subject or issue in a conversation",bring up (2),bring up,"bring up | to raise a new topic for discussion, or to mention a particular subject or issue in a conversation"
brush up,to revise your knowledge of something that you learned in the past,brush up,brush up,brush up | to revise your knowledge of something that you learned in the past
buckle up,to fasten a seatbelt in a car or on a plane,buckle up,buckle up,buckle up | to fasten a seatbelt in a car or on a plane
bugger off INFORMAL,"If you tell someone to bugger off, you're telling them to go away in a very impolite and aggressive way.",bugger off,bugger off,"bugger off | If you tell someone to bugger off, you're telling them to go away in a very impolite and aggressive way."
build on (1),to add to what you've already succeeded in doing,build on (1),build on,build on | to add to what you've already succeeded in doing
build on (2),to add a new section to a house or a building,build on (2),build on,build on | to add a new section to a house or a building
build up (1),to work at something and make it get stronger or bigger,build up (1),build up,build up | to work at something and make it get stronger or bigger
build up (2),to gradually increase,build up (2),build up,build up | to gradually increase
bump into,to meet somebody by chance,bump into,bump into,bump into | to meet somebody by chance
burn down,"If something like a building or a forest burns down, it's completely destroyed in a fire.",burn down,burn down,"burn down | If something like a building or a forest burns down, it's completely destroyed in a fire."
burn out (1),"If a fire burns out, it slowly dies down until it stops burning altogether.",burn out (1),burn out,"burn out | If a fire burns out, it slowly dies down until it stops burning altogether."
burn out (2),to work too hard and suffer from physical and mental exhaustion,burn out (2),burn out,burn out | to work too hard and suffer from physical and mental exhaustion
butt in,to start talking when somebody else is already talking,butt in,butt in,butt in | to start talking when somebody else is already talking
butt out INFORMAL,"If you want to tell someone quite forcefully to mind their own business, you can tell them to butt out.",butt out,butt out,"butt out | If you want to tell someone quite forcefully to mind their own business, you can tell them to butt out."
butter up,to say nice things to someone before asking them to do something for you or to give you something,butter up,butter up,butter up | to say nice things to someone before asking them to do something for you or to give you something
buy out,to buy somebody's share of a company or a partnership in order to take control of it,buy out,buy out,buy out | to buy somebody's share of a company or a partnership in order to take control of it
buy up,to buy all or a lot of something that is in limited supply,buy up,buy up,buy up | to buy all or a lot of something that is in limited supply
call back,"If you call someone back, you return their telephone call.",call back,call back,"call back | If you call someone back, you return their telephone call."
call for,"If a person or an organisation calls for something, they state in public that it's needed, or should be done.",call for,call for,"call for | If a person or an organisation calls for something, they state in public that it's needed, or should be done."
call off,to cancel an event that was planned or scheduled,call off,call off,call off | to cancel an event that was planned or scheduled
call on,to visit someone for a short time,call on,call on,call on | to visit someone for a short time
call out,"If you call out, you use a loud voice to tell something to someone who's far away, or tell something to a large group.",call out,call out,"call out | If you call out, you use a loud voice to tell something to someone who's far away, or tell something to a large group."
calm down,"If a person who is excited or agitated calms down, they become calmer and less excited or agitated.",calm down,calm down,"calm down | If a person who is excited or agitated calms down, they become calmer and less excited or agitated."
care for (1),"If you care for someone, you like them a lot and have a strong affection for them.",care for (1),care for,"care for | If you care for someone, you like them a lot and have a strong affection for them."
care for (2),"If you care for someone or something, you look after them and make sure they have what they need.",care for (2),care for,"care for | If you care for someone or something, you look after them and make sure they have what they need."
care for (3) FORMAL,"If you ask someone if they would care for something, you want to know if they'd like to have something.",care for (3),care for,"care for | If you ask someone if they would care for something, you want to know if they'd like to have something."
carry on,to continue doing something,carry on,carry on,carry on | to continue doing something
carry out,"If you carry out a task or a piece of work, you do whatever is needed to complete it.",carry out,carry out,"carry out | If you carry out a task or a piece of work, you do whatever is needed to complete it."
catch on (1),"If something catches on, it becomes popular.",catch on (1),catch on,"catch on | If something catches on, it becomes popular."
catch on (2),"If you catch on, you suddenly understand something that you couldn't understand at first.",catch on (2),catch on,"catch on | If you catch on, you suddenly understand something that you couldn't understand at first."
catch up (1),"If you catch up with someone who is ahead of you, you go faster than them until you reach them.",catch up (1),catch up,"catch up | If you catch up with someone who is ahead of you, you go faster than them until you reach them."
catch up (2),"If two people meet again after a while and catch up, they tell each other what they've been doing.",catch up (2),catch up,"catch up | If two people meet again after a while and catch up, they tell each other what they've been doing."
cater to,to provide people with what they need,cater to,cater to,cater to | to provide people with what they need
change into,to change from one state or form into another,change into,change into,change into | to change from one state or form into another
change over,to stop using one thing or one system and start using another one instead,change over,change over,change over | to stop using one thing or one system and start using another one instead
charge with,"If someone is charged with a crime, they are officially accused of committing it.",charge with,charge with,"charge with | If someone is charged with a crime, they are officially accused of committing it."
chase up,"to try to find out what is being done about something, or what has happened to something",chase up,chase up,"chase up | to try to find out what is being done about something, or what has happened to something"
chat up INFORMAL,to talk to someone in the hope of beginning a romantic relationship with them,chat up,chat up,chat up | to talk to someone in the hope of beginning a romantic relationship with them
cheat on,to be disloyal to your spouse or partner by having sex with someone else,cheat on,cheat on,cheat on | to be disloyal to your spouse or partner by having sex with someone else
cheat out of,to get something from somebody by cheating them,cheat out of,cheat out of,cheat out of | to get something from somebody by cheating them
check in,"If you check in, you give your details at a hotel's reception desk, or at an airline's check-in counter, when you arrive.",check in,check in,"check in | If you check in, you give your details at a hotel's reception desk, or at an airline's check-in counter, when you arrive."
check into,"to register your details after arriving for treatment at a hospital, a rehabilitation centre or a health resort",check into,check into,"check into | to register your details after arriving for treatment at a hospital, a rehabilitation centre or a health resort"
check on,to look at someone or something to make sure that nothing is wrong,check on,check on,check on | to look at someone or something to make sure that nothing is wrong
check out (1),"to pay the bill and leave after staying at a hotel, a hospital or a rehabilitation centre",check out (1),check out,"check out | to pay the bill and leave after staying at a hotel, a hospital or a rehabilitation centre"
check out (2) INFORMAL,"to look at something, or go somewhere, to see what it's like",check out (2),check out,"check out | to look at something, or go somewhere, to see what it's like"
check through,"to examine something carefully to make sure nothing is wrong, or to look for something",check through,check through,"check through | to examine something carefully to make sure nothing is wrong, or to look for something"
cheer on,"to shout loudly to encourage someone, especially someone who's playing sport or competing in a race",cheer on,cheer on,"cheer on | to shout loudly to encourage someone, especially someone who's playing sport or competing in a race"
cheer up,to feel happier after being sad,cheer up,cheer up,cheer up | to feel happier after being sad
chop down,"If you chop down something like a tree, you cause it to fall by cutting through its base.",chop down,chop down,"chop down | If you chop down something like a tree, you cause it to fall by cutting through its base."
chop up,to cut something into pieces with an axe or a knife,chop up,chop up,chop up | to cut something into pieces with an axe or a knife
clean out (1),to clean the inside of something,clean out (1),clean out,clean out | to clean the inside of something
clean out (2) INFORMAL,"If you have been cleaned out, all your money has been taken by someone, or spent on something.",clean out (2),clean out,"clean out | If you have been cleaned out, all your money has been taken by someone, or spent on something."
clean up,to make something clean and tidy,clean up,clean up,clean up | to make something clean and tidy
clear out (1),to tidy a place by removing things that shouldn't be there,clear out (1),clear out,clear out | to tidy a place by removing things that shouldn't be there
clear out (2) INFORMAL,"to leave a place, usually for a long time or forever",clear out (2),clear out,"clear out | to leave a place, usually for a long time or forever"
clear up,"If an illness or a condition like acne clears up, it improves until it's no longer a problem.",clear up,clear up,"clear up | If an illness or a condition like acne clears up, it improves until it's no longer a problem."
close down,"If a business closes down, or if someone closes it down, it stops operating.",close down,close down,"close down | If a business closes down, or if someone closes it down, it stops operating."
come about,"to happen, especially partly or totally by chance",come about,come about,"come about | to happen, especially partly or totally by chance"
come across (1),to find something or meet someone by chance,come across (1),come across,come across | to find something or meet someone by chance
come across (2),"If somebody comes across as being a certain type of person, they appear that way to other people.",come across (2),come across,"come across | If somebody comes across as being a certain type of person, they appear that way to other people."
come along (1),to arrive or to appear,come along (1),come along,come along | to arrive or to appear
come along (2),to make progress or to improve in some way,come along (2),come along,come along | to make progress or to improve in some way
come along (3),to go with somebody when they're going somewhere,come along (3),come along,come along | to go with somebody when they're going somewhere
come apart,"to separate into several pieces, or to break into several parts",come apart,come apart,"come apart | to separate into several pieces, or to break into several parts"
come around,"to visit somebody, usually at their home",come around,come around,"come around | to visit somebody, usually at their home"
come back,to return to a place,come back,come back,come back | to return to a place
come down,to move to a lower level or a lower position,come down,come down,come down | to move to a lower level or a lower position
come from (1),to be born and raised in a place,come from (1),come from,come from | to be born and raised in a place
come from (2),to be made in or obtained from a particular place or thing,come from (2),come from,come from | to be made in or obtained from a particular place or thing
come in (1),to enter a room or a building,come in (1),come in,come in | to enter a room or a building
come in (2),"If something like a train or plane comes in, it arrives at a station or an airport.",come in (2),come in,"come in | If something like a train or plane comes in, it arrives at a station or an airport."
come into,to be given something after its owner dies,come into,come into,come into | to be given something after its owner dies
come of,to be the result of an event or situation,come of,come of,come of | to be the result of an event or situation
come off (1),"If something comes off, it becomes separated from the thing it's usually attached to.",come off (1),come off,"come off | If something comes off, it becomes separated from the thing it's usually attached to."
come off (2),to result in the intended outcome,come off (2),come off,come off | to result in the intended outcome
come on (1),to make progress or to improve in some way,come on (1),come on,come on | to make progress or to improve in some way
come on (2),"If a light or a computer comes on, it starts working.",come on (2),come on,"come on | If a light or a computer comes on, it starts working."
come on (3),"If a TV or radio show comes on, it starts.",come on (3),come on,"come on | If a TV or radio show comes on, it starts."
come out (1),to become available,come out (1),come out,come out | to become available
come out (2),to become known,come out (2),come out,come out | to become known
come over (1),"to visit a place, or to move from one place or country to another",come over (1),come over,"come over | to visit a place, or to move from one place or country to another"
come over (2),to seem to be a particular type of person,come over (2),come over,come over | to seem to be a particular type of person
come through,to survive a difficult or dangerous situation or time,come through,come through,come through | to survive a difficult or dangerous situation or time
come to (1),to regain consciousness after an accident or an operation,come to (1),come to,come to | to regain consciousness after an accident or an operation
come to (2),to add up to a particular total,come to (2),come to,come to | to add up to a particular total
come to (3),"If a thought or an idea comes to you, you remember it or you think of it",come to (3),come to,"come to | If a thought or an idea comes to you, you remember it or you think of it"
come under,to suddenly experience or suffer something dangerous or unpleasant,come under,come under,come under | to suddenly experience or suffer something dangerous or unpleasant
come up (1),to walk up to someone or something,come up (1),come up,come up | to walk up to someone or something
come up (2),"If an issue or a name comes up in something like a conversation, a meeting, or a report, the issue or name is discussed or mentioned.",come up (2),come up,"come up | If an issue or a name comes up in something like a conversation, a meeting, or a report, the issue or name is discussed or mentioned."
come up (3),"to appear, occur, or become available",come up (3),come up,"come up | to appear, occur, or become available"
come up against,to face a difficult situation or a difficult opponent,come up against,come up against,come up against | to face a difficult situation or a difficult opponent
come up with,"to think of something like a plan, an idea or a solution to a problem",come up with,come up with,"come up with | to think of something like a plan, an idea or a solution to a problem"
count on,to depend on someone or something to do what is expected or needed,count on,count on,count on | to depend on someone or something to do what is expected or needed
cover up,to try to stop people finding out about something bad,cover up,cover up,cover up | to try to stop people finding out about something bad
crack down,to start enforcing a law or a rule more strictly,crack down,crack down,crack down | to start enforcing a law or a rule more strictly
cross off,to remove a name or an item from a list by drawing a line through it,cross off,cross off,cross off | to remove a name or an item from a list by drawing a line through it
cross out,"If you cross something out, you draw a line through it with a pen or a pencil, usually because it's wrong or is no longer necessary.",cross out,cross out,"cross out | If you cross something out, you draw a line through it with a pen or a pencil, usually because it's wrong or is no longer necessary."
cry out,to scream or yell because of pain or fear,cry out,cry out,cry out | to scream or yell because of pain or fear
cut back,"to reduce the amount of money spent on something, or to reduce the size or scale of something",cut back,cut back,"cut back | to reduce the amount of money spent on something, or to reduce the size or scale of something"
cut down,"to reduce the amount, number or size of something",cut down,cut down,"cut down | to reduce the amount, number or size of something"
cut off (1),"to stop the supply of something like electricity, water, gas or telephone service.",cut off (1),cut off,"cut off | to stop the supply of something like electricity, water, gas or telephone service."
cut off (2),to isolate somebody or something by making transport or communication very difficult or impossible,cut off (2),cut off,cut off | to isolate somebody or something by making transport or communication very difficult or impossible
cut out (1),to remove an area of paper or cloth from a larger sheet by cutting,cut out (1),cut out,cut out | to remove an area of paper or cloth from a larger sheet by cutting
cut out (2),"to stop doing something, such as eating fatty foods or gambling or taking drugs, usually in order to improve one's health or one's life",cut out (2),cut out,"cut out | to stop doing something, such as eating fatty foods or gambling or taking drugs, usually in order to improve one's health or one's life"
cut out (3) INFORMAL,"If you tell someone to ""Cut it out!"", you want them to stop doing something annoying.",cut out (3),cut out,"cut out | If you tell someone to ""Cut it out!"", you want them to stop doing something annoying."
cut up,to cut something into small pieces,cut up,cut up,cut up | to cut something into small pieces
date back,"If something dates back to a certain time, it was made at that time or it started at that time.",date back,date back,"date back | If something dates back to a certain time, it was made at that time or it started at that time."
date from,"If something dates from a certain time, it was made at that time.",date from,date from,"date from | If something dates from a certain time, it was made at that time."
dawn on,"If something dawns on you, you realize it, or become aware of it, for the first time.",dawn on,dawn on,"dawn on | If something dawns on you, you realize it, or become aware of it, for the first time."
deal in (1),to buy and sell something in order to make money,deal in (1),deal in,deal in | to buy and sell something in order to make money
deal in (2) INFORMAL,"If you say ""Deal me in"" it means you want to join in an activity.",deal in (2),deal in,"deal in | If you say ""Deal me in"" it means you want to join in an activity."
deal with,"If you deal with a problem or a difficult situation, you do what needs to be done to solve or resolve it.",deal with,deal with,"deal with | If you deal with a problem or a difficult situation, you do what needs to be done to solve or resolve it."
decide against,"to decide not to do something you were thinking of doing, or not to choose something or someone you were thinking of choosing",decide against,decide against,"decide against | to decide not to do something you were thinking of doing, or not to choose something or someone you were thinking of choosing"
decide on,"If you decide on something, you choose one thing from among two or more possible options.",decide on,decide on,"decide on | If you decide on something, you choose one thing from among two or more possible options."
delight in,"If you delight in doing something, you get a great deal of pleasure from doing it.",delight in,delight in,"delight in | If you delight in doing something, you get a great deal of pleasure from doing it."
delve into,to try to find information by examining something thoroughly,delve into,delve into,delve into | to try to find information by examining something thoroughly
depend on (1),"If one thing depends on another, it cannot happen without the other, or it is greatly affected by the other.",depend on (1),depend on,"depend on | If one thing depends on another, it cannot happen without the other, or it is greatly affected by the other."
depend on (2),"If you depend on someone, you rely on them to give you what you need.",depend on (2),depend on,"depend on | If you depend on someone, you rely on them to give you what you need."
describe as,to say that something is a certain kind of thing or that someone is a certain type of person,describe as,describe as,describe as | to say that something is a certain kind of thing or that someone is a certain type of person
deter from,"to make someone less likely to do something, or to discourage someone from doing something",deter from,deter from,"deter from | to make someone less likely to do something, or to discourage someone from doing something"
devote to,to decide to spend a certain portion of your time or money on something,devote to,devote to,devote to | to decide to spend a certain portion of your time or money on something
die away,"If a sound dies away, it gradually gets softer and softer.",die away,die away,"die away | If a sound dies away, it gradually gets softer and softer."
die down,"If something dies down, it gradually becomes weaker in strength or lower in volume or magnitude.",die down,die down,"die down | If something dies down, it gradually becomes weaker in strength or lower in volume or magnitude."
die off,"If a group of people, animals, or plants dies off, all of them die over a period of time and none are left.",die off,die off,"die off | If a group of people, animals, or plants dies off, all of them die over a period of time and none are left."
die out,"If something like a species of animal or a language is dying out, it is disappearing and could soon be lost forever.",die out,die out,"die out | If something like a species of animal or a language is dying out, it is disappearing and could soon be lost forever."
dig in INFORMAL,"to start eating with enthusiasm, or gusto",dig in,dig in,"dig in | to start eating with enthusiasm, or gusto"
dig up,"If you dig up something, you get it from under the ground by digging.",dig up,dig up,"dig up | If you dig up something, you get it from under the ground by digging."
dip into,to take money from an amount that has been saved or put aside for a specific purpose,dip into,dip into,dip into | to take money from an amount that has been saved or put aside for a specific purpose
dish out (1) INFORMAL,"to give things to people, often without thinking about the effects or the costs of doing so",dish out (1),dish out,"dish out | to give things to people, often without thinking about the effects or the costs of doing so"
dish out (2) INFORMAL,"If you dish out something like criticism or advice, you give it often and without much thought.",dish out (2),dish out,"dish out | If you dish out something like criticism or advice, you give it often and without much thought."
dispose of FORMAL,to get rid of something you don't need or don't want any more,dispose of,dispose of,dispose of | to get rid of something you don't need or don't want any more
divide up,"If you divide something up, you separate it into smaller parts so that everyone gets a share.",divide up,divide up,"divide up | If you divide something up, you separate it into smaller parts so that everyone gets a share."
do about,"If you do something about a problem, you do something to fix it or solve it.",do about,do about,"do about | If you do something about a problem, you do something to fix it or solve it."
do away with (1),"If you do away with something, you get rid of it.",do away with (1),do away with,"do away with | If you do away with something, you get rid of it."
do away with (2) INFORMAL,to kill or to murder somebody,do away with (2),do away with,do away with | to kill or to murder somebody
do in INFORMAL,to cause someone to feel very tired or worn out,do in,do in,do in | to cause someone to feel very tired or worn out
do up (1) INFORMAL,"If you do up an old building, car, boat, etc., you make it look new again by repairing it, painting it, and so on.",do up (1),do up,"do up | If you do up an old building, car, boat, etc., you make it look new again by repairing it, painting it, and so on."
do up (2),"If you do up a zip, a button, or a shoelace, you secure it in some way.",do up (2),do up,"do up | If you do up a zip, a button, or a shoelace, you secure it in some way."
do with (1),to put something somewhere,do with (1),do with,do with | to put something somewhere
do with (2),to make use of something,do with (2),do with,do with | to make use of something
do without,"If you do without something, you manage to get by without it.",do without,do without,"do without | If you do without something, you manage to get by without it."
doze off,"If you doze off, you fall asleep without meaning to.",doze off,doze off,"doze off | If you doze off, you fall asleep without meaning to."
drag on,to continue for longer than seems necessary or usual,drag on,drag on,drag on | to continue for longer than seems necessary or usual
draw on,"to use part of a supply of something, or to utilize something that has been gained over time",draw on,draw on,"draw on | to use part of a supply of something, or to utilize something that has been gained over time"
draw out,to make something last longer than usual or longer than necessary,draw out,draw out,draw out | to make something last longer than usual or longer than necessary
draw up,"to prepare and write a plan, a contract, guidelines or a list of some sort",draw up,draw up,"draw up | to prepare and write a plan, a contract, guidelines or a list of some sort"
dream of,"If you dream of something you'd really like to be, to do, or to have, you imagine it becoming a real part of your life.",dream of,dream of,"dream of | If you dream of something you'd really like to be, to do, or to have, you imagine it becoming a real part of your life."
dream up,to imagine something like a plan or a story in great detail,dream up,dream up,dream up | to imagine something like a plan or a story in great detail
dress up,"If you dress up, you put on formal clothes for a special occasion.",dress up,dress up,"dress up | If you dress up, you put on formal clothes for a special occasion."
drive away,to cause someone or something to leave a place,drive away,drive away,drive away | to cause someone or something to leave a place
drive off,to leave in a car,drive off,drive off,drive off | to leave in a car
drive out,to force someone or something out of a place,drive out,drive out,drive out | to force someone or something out of a place
drop by INFORMAL,"to make a short, casual visit somewhere",drop by,drop by,"drop by | to make a short, casual visit somewhere"
drop in,"If you drop something in somewhere, you stop to leave it there and then keep going.",drop in,drop in,"drop in | If you drop something in somewhere, you stop to leave it there and then keep going."
drop off (1),to drive someone to a place they need to go to and leave them there,drop off (1),drop off,drop off | to drive someone to a place they need to go to and leave them there
drop off (2),to fall asleep,drop off (2),drop off,drop off | to fall asleep
drop off (3),to become fewer in number or less in amount or intensity,drop off (3),drop off,drop off | to become fewer in number or less in amount or intensity
drop out,to leave a course of study before completing it,drop out,drop out,drop out | to leave a course of study before completing it
drown out,"If a sound is drowned out, it can't be heard because of an ever louder sound.",drown out,drown out,"drown out | If a sound is drowned out, it can't be heard because of an ever louder sound."
drum up,"to stimulate something like support for a project, enthusiasm for an idea, or sales for a business",drum up,drum up,"drum up | to stimulate something like support for a project, enthusiasm for an idea, or sales for a business"
dry up,"If something like water or oil dries up, or its source dries up, it means it's all gone and there is none left.",dry up,dry up,"dry up | If something like water or oil dries up, or its source dries up, it means it's all gone and there is none left."
dumb down INFORMAL,to make something like a movie or a novel easier to understand so more money can be made from it,dumb down,dumb down,dumb down | to make something like a movie or a novel easier to understand so more money can be made from it
dwell on,"If you dwell on something bad or unpleasant, you think about it too much or you talk about it too much.",dwell on,dwell on,"dwell on | If you dwell on something bad or unpleasant, you think about it too much or you talk about it too much."
dying for,"If you're dying for something, you really feel like it or you want it very much.",dying for,dying for,"dying for | If you're dying for something, you really feel like it or you want it very much."
ease off,"If something eases off, it becomes weaker or less powerful.",ease off,ease off,"ease off | If something eases off, it becomes weaker or less powerful."
eat in,"If you eat in, you eat at home instead of going out to a restaurant.",eat in,eat in,"eat in | If you eat in, you eat at home instead of going out to a restaurant."
eat into,"to use up, or reduce the amount of, something of value",eat into,eat into,"eat into | to use up, or reduce the amount of, something of value"
eat out,"If you eat out, you eat in a restaurant instead of at home.",eat out,eat out,"eat out | If you eat out, you eat in a restaurant instead of at home."
eat up (1),to eat all or most of something,eat up (1),eat up,eat up | to eat all or most of something
eat up (2),"If something eats up your time or money, you spend a lot of time or money on it.",eat up (2),eat up,"eat up | If something eats up your time or money, you spend a lot of time or money on it."
egg on INFORMAL,"If you egg someone on, you encourage them to do something foolish or risky.",egg on,egg on,"egg on | If you egg someone on, you encourage them to do something foolish or risky."
embark on,"to begin something, usually something that will be challenging and time-consuming",embark on,embark on,"embark on | to begin something, usually something that will be challenging and time-consuming"
empty out,to remove everything from inside something,empty out,empty out,empty out | to remove everything from inside something
end in,to have a certain result at the end of something,end in,end in,end in | to have a certain result at the end of something
end up,"If you end up being somewhere, or doing something, it's because of decisions you've made in the past.",end up,end up,"end up | If you end up being somewhere, or doing something, it's because of decisions you've made in the past."
end with,to have something act as the final part of something,end with,end with,end with | to have something act as the final part of something
engage in FORMAL,"to become involved in something related to competition or conflict, such as a debate, a battle, or a dispute.",engage in,engage in,"engage in | to become involved in something related to competition or conflict, such as a debate, a battle, or a dispute."
enter into,"to become involved in something like a discussion, an agreement, or a partnership.",enter into,enter into,"enter into | to become involved in something like a discussion, an agreement, or a partnership."
entitle to,"If you are entitled to something, you have the right to have it or the right to do it.",entitle to,entitle to,"entitle to | If you are entitled to something, you have the right to have it or the right to do it."
entrust to,to give somebody responsibility for something of importance or value,entrust to,entrust to,entrust to | to give somebody responsibility for something of importance or value
entrust with,to give someone responsibility for something of importance or value,entrust with,entrust with,entrust with | to give someone responsibility for something of importance or value
even up,to make something more equal or to make it fairer,even up,even up,even up | to make something more equal or to make it fairer
expose to (1),"If you expose someone to something, you introduce them to something they might not otherwise see or experience.",expose to (1),expose to,"expose to | If you expose someone to something, you introduce them to something they might not otherwise see or experience."
expose to (2),to make someone face a danger or a hazard,expose to (2),expose to,expose to | to make someone face a danger or a hazard
extricate from FORMAL,to get someone out of a difficult situation or a dangerous place,extricate from,extricate from,extricate from | to get someone out of a difficult situation or a dangerous place
face up to,"If you face up to a difficult or challenging situation, you accept that you have to deal with it, and then do something about it.",face up to,face up to,"face up to | If you face up to a difficult or challenging situation, you accept that you have to deal with it, and then do something about it."
face with,"If you are faced with something like a problem or a challenge, you have to deal with it.",face with,face with,"face with | If you are faced with something like a problem or a challenge, you have to deal with it."
factor in,to include a certain item when calculating or planning something,factor in,factor in,factor in | to include a certain item when calculating or planning something
fade away,"to slowly become weaker, softer or dimmer",fade away,fade away,"fade away | to slowly become weaker, softer or dimmer"
fall apart,"If something falls apart, it breaks into pieces or parts start falling off.",fall apart,fall apart,"fall apart | If something falls apart, it breaks into pieces or parts start falling off."
fall back on,to use or do something else because what you used or did first has failed,fall back on,fall back on,fall back on | to use or do something else because what you used or did first has failed
fall behind,"If you have fallen behind other people, they have advanced faster than you and they are ahead of you.",fall behind,fall behind,"fall behind | If you have fallen behind other people, they have advanced faster than you and they are ahead of you."
fall for (1),"If you fall for something like a trick or a scam, you believe it's real or genuine even though it's not.",fall for (1),fall for,"fall for | If you fall for something like a trick or a scam, you believe it's real or genuine even though it's not."
fall for (2),"If you fall for someone, you fall in love with them.",fall for (2),fall for,"fall for | If you fall for someone, you fall in love with them."
fall in (1),"If a roof or a ceiling falls in, it falls to the floor because it's been weakened or damaged.",fall in (1),fall in,"fall in | If a roof or a ceiling falls in, it falls to the floor because it's been weakened or damaged."
fall in (2),to form a line by standing side by side or one behind the other,fall in (2),fall in,fall in | to form a line by standing side by side or one behind the other
fall off,to become less in amount or lower in level,fall off,fall off,fall off | to become less in amount or lower in level
fall out (1),"If something falls out, it becomes detached from whatever it's attached to.",fall out (1),fall out,"fall out | If something falls out, it becomes detached from whatever it's attached to."
fall out (2) INFORMAL,"If you and a friend fall out, you are no longer friendly because of a disagreement or a problem you've had.",fall out (2),fall out,"fall out | If you and a friend fall out, you are no longer friendly because of a disagreement or a problem you've had."
fall over,"If someone falls over, they fall to the ground.",fall over,fall over,"fall over | If someone falls over, they fall to the ground."
fall through,"If a plan or a deal falls through, it doesn't work out and it's dropped or scrapped.",fall through,fall through,"fall through | If a plan or a deal falls through, it doesn't work out and it's dropped or scrapped."
farm out,"If you farm out work, you pay people outside your company to do it.",farm out,farm out,"farm out | If you farm out work, you pay people outside your company to do it."
feel for,"If you feel for someone, you have sympathy for them or feel sad because they are suffering.",feel for,feel for,"feel for | If you feel for someone, you have sympathy for them or feel sad because they are suffering."
fight back,"If you fight back, you do what's needed to win a conflict or a battle after being attacked or threatened.",fight back,fight back,"fight back | If you fight back, you do what's needed to win a conflict or a battle after being attacked or threatened."
fight off,to try to stop someone or something from attacking you or hurting you,fight off,fight off,fight off | to try to stop someone or something from attacking you or hurting you
figure out (1),"If you figure something out, you find the solution to a problem or the answer to a question.",figure out (1),figure out,"figure out | If you figure something out, you find the solution to a problem or the answer to a question."
figure out (2),"If you figure somebody out, you know what they're like and how they're likely to act.",figure out (2),figure out,"figure out | If you figure somebody out, you know what they're like and how they're likely to act."
fill in (1),"If you fill in a form, you complete it by writing in the spaces provided.",fill in (1),fill in,"fill in | If you fill in a form, you complete it by writing in the spaces provided."
fill in (2),"If you fill somebody in, you give them the details about something.",fill in (2),fill in,"fill in | If you fill somebody in, you give them the details about something."
fill out,"If you fill out a form, you complete it by writing in the spaces provided.",fill out,fill out,"fill out | If you fill out a form, you complete it by writing in the spaces provided."
fill up (1),"If you fill something up, you make it full.",fill up (1),fill up,"fill up | If you fill something up, you make it full."
fill up (2),to fill someone's stomach with food,fill up (2),fill up,fill up | to fill someone's stomach with food
find out,to discover a fact or information about something,find out,find out,find out | to discover a fact or information about something
finish off,"to complete something, or to eat the last piece of something",finish off,finish off,"finish off | to complete something, or to eat the last piece of something"
finish up,to be in a certain place or situation after a long series of events or a long time,finish up,finish up,finish up | to be in a certain place or situation after a long series of events or a long time
finish with,"If you've finished with something, you've done what you needed to do with it and you no longer need it.",finish with,finish with,"finish with | If you've finished with something, you've done what you needed to do with it and you no longer need it."
fire up,"to create enthusiasm or excitement, usually among a group of people or a crowd",fire up,fire up,"fire up | to create enthusiasm or excitement, usually among a group of people or a crowd"
fit in (1),"to have enough space for something, or to have enough time for something",fit in (1),fit in,"fit in | to have enough space for something, or to have enough time for something"
fit in (2),"If you fit in, you are accepted by a group of people and seen as ""one of them"".",fit in (2),fit in,"fit in | If you fit in, you are accepted by a group of people and seen as ""one of them""."
fit together,to connect pieces that go together to make something,fit together,fit together,fit together | to connect pieces that go together to make something
fix up (1),"to repair something or to improve the condition of something, especially something old or second-hand",fix up (1),fix up,"fix up | to repair something or to improve the condition of something, especially something old or second-hand"
fix up (2) INFORMAL,to arrange something for someone,fix up (2),fix up,fix up | to arrange something for someone
fizzle out,"If something fizzles out, it slowly loses its power or strength, and then ends weakly.",fizzle out,fizzle out,"fizzle out | If something fizzles out, it slowly loses its power or strength, and then ends weakly."
flare up,"If something like a conflict or an illness flares up, it suddenly becomes worse.",flare up,flare up,"flare up | If something like a conflict or an illness flares up, it suddenly becomes worse."
flick through,"If you flick through a book or a magazine, you have a quick look at a few of the pages.",flick through,flick through,"flick through | If you flick through a book or a magazine, you have a quick look at a few of the pages."
flood in,"If things flood in, they come quickly and in great numbers.",flood in,flood in,"flood in | If things flood in, they come quickly and in great numbers."
fob off (1) INFORMAL,to give someone something of low quality or little value,fob off (1),fob off,fob off | to give someone something of low quality or little value
fob off (2) INFORMAL,"to try to make someone stop complaining or stop bothering you by telling them something that isn't true, or by giving them an excuse",fob off (2),fob off,"fob off | to try to make someone stop complaining or stop bothering you by telling them something that isn't true, or by giving them an excuse"
focus on,"If you focus on something, you give it all your attention.",focus on,focus on,"focus on | If you focus on something, you give it all your attention."
follow through,"to continue something to the next stage, or to complete something",follow through,follow through,"follow through | to continue something to the next stage, or to complete something"
follow up,to do something in addition to what's already been done in order to complete or continue a process or a deal,follow up,follow up,follow up | to do something in addition to what's already been done in order to complete or continue a process or a deal
fool around,"If you're fooling around, you're having fun by joking and being a bit silly.",fool around,fool around,"fool around | If you're fooling around, you're having fun by joking and being a bit silly."
force into,to make someone do something they don't want to do,force into,force into,force into | to make someone do something they don't want to do
forge ahead,to make rapid progress toward a goal,forge ahead,forge ahead,forge ahead | to make rapid progress toward a goal
freak out INFORMAL,"If someone freaks out, they get very scared or upset by something.",freak out,freak out,"freak out | If someone freaks out, they get very scared or upset by something."
free up,to make someone or something available by releasing them from their usual duties or function,free up,free up,free up | to make someone or something available by releasing them from their usual duties or function
freshen up,"If you freshen up, you wash your face and hands and make yourself look and feel better.",freshen up,freshen up,"freshen up | If you freshen up, you wash your face and hands and make yourself look and feel better."
frighten away,"If you frighten away something or someone, you make them go away by making them feel afraid.",frighten away,frighten away,"frighten away | If you frighten away something or someone, you make them go away by making them feel afraid."
frown on,to disapprove of something,frown on,frown on,frown on | to disapprove of something
function as,"to be used for a particular purpose, or to work in a particular way",function as,function as,"function as | to be used for a particular purpose, or to work in a particular way"
fuss over,to give someone lots of attention to show how much you like them or how important you think they are,fuss over,fuss over,fuss over | to give someone lots of attention to show how much you like them or how important you think they are
gather around,"If people gather around, they form a group or a small crowd around something or someone.",gather around,gather around,"gather around | If people gather around, they form a group or a small crowd around something or someone."
get across,to communicate something or make something understood by others,get across,get across,get across | to communicate something or make something understood by others
get ahead,"If you get ahead, you make progress in your career.",get ahead,get ahead,"get ahead | If you get ahead, you make progress in your career."
get along,"If two people get along, they like each other and are friendly.",get along,get along,"get along | If two people get along, they like each other and are friendly."
get around (1),to move from place to place,get around (1),get around,get around | to move from place to place
get around (2),to find a way of avoiding something,get around (2),get around,get around | to find a way of avoiding something
get at (1),to get hold of something,get at (1),get at,get at | to get hold of something
get at (2),to mean or to imply something,get at (2),get at,get at | to mean or to imply something
get away,to leave a place,get away,get away,get away | to leave a place
get away with,to do something illegal or immoral and not get caught or punished,get away with,get away with,get away with | to do something illegal or immoral and not get caught or punished
get back (1),to return to a place,get back (1),get back,get back | to return to a place
get back (2),"If you get something back, it is returned to you after you've lent it, lost it, or had it stolen.",get back (2),get back,"get back | If you get something back, it is returned to you after you've lent it, lost it, or had it stolen."
get by,"to have just enough of something, like money, knowledge or skills, to do what you want to do",get by,get by,"get by | to have just enough of something, like money, knowledge or skills, to do what you want to do"
get down (1),"to move close to the ground, or to move from a higher position to a lower position",get down (1),get down,"get down | to move close to the ground, or to move from a higher position to a lower position"
get down (2),"to quickly write something, often so as not to forget it",get down (2),get down,"get down | to quickly write something, often so as not to forget it"
get down (3),to manage to swallow something that isn't easy to swallow,get down (3),get down,get down | to manage to swallow something that isn't easy to swallow
get in (1),to enter a place or a vehicle,get in (1),get in,get in | to enter a place or a vehicle
get in (2),"If a train or plane gets in, it arrives at its destination.",get in (2),get in,"get in | If a train or plane gets in, it arrives at its destination."
get in (3),"to submit or send something like a document, a form or a report",get in (3),get in,"get in | to submit or send something like a document, a form or a report"
get into (1),"If you get into something like a university, a team, a club, etc., you have succeeded in joining it.",get into (1),get into,"get into | If you get into something like a university, a team, a club, etc., you have succeeded in joining it."
get into (2),to become interested in something or focussed on something,get into (2),get into,get into | to become interested in something or focussed on something
get off (1),to leave a means of transport such as a bus or a train,get off (1),get off,get off | to leave a means of transport such as a bus or a train
get off (2),"to finish work, or have a break from work",get off (2),get off,"get off | to finish work, or have a break from work"
get on (1),"to step onto a bus, train, ship, etc.",get on (1),get on,"get on | to step onto a bus, train, ship, etc."
get on (2),"If two people get on, they have a good relationship and are friendly.",get on (2),get on,"get on | If two people get on, they have a good relationship and are friendly."
get out (1),"to move out of an enclosed space, such as a building or a car",get out (1),get out,"get out | to move out of an enclosed space, such as a building or a car"
get out (2),"If you get something out, you remove it from whatever it's in.",get out (2),get out,"get out | If you get something out, you remove it from whatever it's in."
get out of (1),"If you get out of doing something that you don't want to do, you find a way to avoid doing it, such as by making up an excuse.",get out of (1),get out of,"get out of | If you get out of doing something that you don't want to do, you find a way to avoid doing it, such as by making up an excuse."
get out of (2),to take off clothes because they're uncomfortable or inappropriate,get out of (2),get out of,get out of | to take off clothes because they're uncomfortable or inappropriate
get over,to recover from something like an illness or a shock,get over,get over,get over | to recover from something like an illness or a shock
get through (1),to complete a task,get through (1),get through,get through | to complete a task
get through (2),"If you get through something, you use or eat all of it.",get through (2),get through,"get through | If you get through something, you use or eat all of it."
get through (3),to reach the person you want to talk to when making a telephone call,get through (3),get through,get through | to reach the person you want to talk to when making a telephone call
get together,to meet and spend time together,get together,get together,get together | to meet and spend time together
get up (1),to get out of bed after having been asleep,get up (1),get up,get up | to get out of bed after having been asleep
get up (2),to stand up or to get to one's feet,get up (2),get up,get up | to stand up or to get to one's feet
give away,"If you give away something, you give it to someone without expecting anything in return.",give away,give away,"give away | If you give away something, you give it to someone without expecting anything in return."
give back,"If you give something back, you return it to whoever you got it from.",give back,give back,"give back | If you give something back, you return it to whoever you got it from."
give in,"If somebody gives in, they stop trying to do something like win a game, a fight or an argument.",give in,give in,"give in | If somebody gives in, they stop trying to do something like win a game, a fight or an argument."
give off,"to produce something like a smell, a gas, heat or light",give off,give off,"give off | to produce something like a smell, a gas, heat or light"
give out,"If you give something out, you distribute it to many people, usually by hand.",give out,give out,"give out | If you give something out, you distribute it to many people, usually by hand."
give up (1),"If you give up, you stop trying to do something because it's too hard or because it can't be done.",give up (1),give up,"give up | If you give up, you stop trying to do something because it's too hard or because it can't be done."
give up (2),"If you give up something, you stop doing it because it's bad for you.",give up (2),give up,"give up | If you give up something, you stop doing it because it's bad for you."
go about,"to do something in a certain way, or to deal with something in a certain way",go about,go about,"go about | to do something in a certain way, or to deal with something in a certain way"
go after (1),to chase and try to catch someone or something,go after (1),go after,go after | to chase and try to catch someone or something
go after (2) INFORMAL,to try to get something,go after (2),go after,go after | to try to get something
go against,"to oppose, or disagree with, something or somebody",go against,go against,"go against | to oppose, or disagree with, something or somebody"
go ahead,"to start doing something, or to continue doing something, usually after being given permission or encouragement to do so",go ahead,go ahead,"go ahead | to start doing something, or to continue doing something, usually after being given permission or encouragement to do so"
go along with,to agree with someone or to support something,go along with,go along with,go along with | to agree with someone or to support something
go around (1),to act or dress in a certain way,go around (1),go around,go around | to act or dress in a certain way
go around (2),to be enough for everyone,go around (2),go around,go around | to be enough for everyone
go away (1),to leave or go to another place,go away (1),go away,go away | to leave or go to another place
go away (2),"to stop existing, or to stop being noticeable",go away (2),go away,"go away | to stop existing, or to stop being noticeable"
go back,"to return to a place, a person, a condition, etc.",go back,go back,"go back | to return to a place, a person, a condition, etc."
go beyond,"to be more than, better than, more advanced than, etc.",go beyond,go beyond,"go beyond | to be more than, better than, more advanced than, etc."
go by,"to move past (in space), or pass (in time)",go by,go by,"go by | to move past (in space), or pass (in time)"
go down (1),to become less,go down (1),go down,go down | to become less
go down (2),"to be received in a certain way, or to create a certain reaction",go down (2),go down,"go down | to be received in a certain way, or to create a certain reaction"
go down (3),"When the sun or the moon goes down, it gets lower and lower in the sky until it disappears below the horizon.",go down (3),go down,"go down | When the sun or the moon goes down, it gets lower and lower in the sky until it disappears below the horizon."
go down (4),to be remembered or recorded in some way,go down (4),go down,go down | to be remembered or recorded in some way
go for (1) INFORMAL,to try to get something or achieve something,go for (1),go for,go for | to try to get something or achieve something
go for (2) INFORMAL,"to like a particular type of person, product, style, experience, etc.",go for (2),go for,"go for | to like a particular type of person, product, style, experience, etc."
go for (3),to physically attack a person or an animal,go for (3),go for,go for | to physically attack a person or an animal
go for (4),to be sold for a certain amount of money,go for (4),go for,go for | to be sold for a certain amount of money
go into,to talk about or discuss something in detail,go into,go into,go into | to talk about or discuss something in detail
go off (1),"If something goes off, it stops working because of a power cut.",go off (1),go off,"go off | If something goes off, it stops working because of a power cut."
go off (2),"If a bomb or a firework goes off, it explodes.",go off (2),go off,"go off | If a bomb or a firework goes off, it explodes."
go off (3),"If foods or drinks go off, they go bad and aren't safe to eat or drink.",go off (3),go off,"go off | If foods or drinks go off, they go bad and aren't safe to eat or drink."
go on (1),to happen,go on (1),go on,go on | to happen
go on (2),"to keep happening as before, or to keep doing something",go on (2),go on,"go on | to keep happening as before, or to keep doing something"
go on (3),"If something like a light or a heater goes on, it starts operating.",go on (3),go on,"go on | If something like a light or a heater goes on, it starts operating."
go on (4),"to talk for too long, or talk in such a way that it annoys or bores people",go on (4),go on,"go on | to talk for too long, or talk in such a way that it annoys or bores people"
go on (5),used when encouraging someone to do something,go on (5),go on,go on | used when encouraging someone to do something
go out,to leave your home and go somewhere for enjoyment or entertainment,go out,go out,go out | to leave your home and go somewhere for enjoyment or entertainment
go over (1),"to look carefully at something like a report, essay, document, etc. to check for mistakes or to make improvements",go over (1),go over,"go over | to look carefully at something like a report, essay, document, etc. to check for mistakes or to make improvements"
go over (2),"to review something, or look at it again, in order to learn or memorize it",go over (2),go over,"go over | to review something, or look at it again, in order to learn or memorize it"
go over (3),"to cause a reaction of some sort, especially from an audience",go over (3),go over,"go over | to cause a reaction of some sort, especially from an audience"
go through (1),"to look through a collection of things like documents, books, clothes, etc. to find something or to sort them out",go through (1),go through,"go through | to look through a collection of things like documents, books, clothes, etc. to find something or to sort them out"
go through (2),to live through a bad time or a difficult situation,go through (2),go through,go through | to live through a bad time or a difficult situation
go together (1),"If two things go together, they look good together or they harmonize.",go together (1),go together,"go together | If two things go together, they look good together or they harmonize."
go together (2),"to happen together, or to often occur at the same time",go together (2),go together,"go together | to happen together, or to often occur at the same time"
go under,"If a company goes under, it goes out of business and closes down.",go under,go under,"go under | If a company goes under, it goes out of business and closes down."
go up,"If something like a price or a rate goes up, it becomes higher.",go up,go up,"go up | If something like a price or a rate goes up, it becomes higher."
go with,"If one thing goes with another, they look good together or seems to work well together.",go with,go with,"go with | If one thing goes with another, they look good together or seems to work well together."
go without,to not have something that you used to have because conditions have changed and it's no longer available or affordable,go without,go without,go without | to not have something that you used to have because conditions have changed and it's no longer available or affordable
grow on,"If something grows on you, you gradually start to like it, even though you didn't like it much at first.",grow on,grow on,"grow on | If something grows on you, you gradually start to like it, even though you didn't like it much at first."
grow out of,"If you grow out of something, you become too big for it or too old for it.",grow out of,grow out of,"grow out of | If you grow out of something, you become too big for it or too old for it."
grow up,"to change from being a child to being an adult, or from being an immature adult to being a mature adult",grow up,grow up,"grow up | to change from being a child to being an adult, or from being an immature adult to being a mature adult"
hammer out,to reach an agreement or solution after a lot of negotiation or discussion,hammer out,hammer out,hammer out | to reach an agreement or solution after a lot of negotiation or discussion
hand around,"If you hand around things like drinks or cakes, you give one to each person in a group.",hand around,hand around,"hand around | If you hand around things like drinks or cakes, you give one to each person in a group."
hand back,to give something back to someone by hand,hand back,hand back,hand back | to give something back to someone by hand
hand down,to pass knowledge or skills from one generation to the next,hand down,hand down,hand down | to pass knowledge or skills from one generation to the next
hand in,"If you hand something in, you give it to someone in authority, like a teacher, a policeman or a security guard.",hand in,hand in,"hand in | If you hand something in, you give it to someone in authority, like a teacher, a policeman or a security guard."
hand on,"If you hand something on, you pass it to somebody else.",hand on,hand on,"hand on | If you hand something on, you pass it to somebody else."
hand out,to give something directly to a number of people,hand out,hand out,hand out | to give something directly to a number of people
hand over,"If you hand something over, you give it to someone who has demanded it.",hand over,hand over,"hand over | If you hand something over, you give it to someone who has demanded it."
hang around INFORMAL,to spend time somewhere without doing anything useful,hang around,hang around,hang around | to spend time somewhere without doing anything useful
hang on (1),"If you hang on to something, you hold it tightly.",hang on (1),hang on,"hang on | If you hang on to something, you hold it tightly."
hang on (2) INFORMAL,"If someone tells you to hang on, they want you to wait for a moment.",hang on (2),hang on,"hang on | If someone tells you to hang on, they want you to wait for a moment."
hang onto INFORMAL,"If you hang onto something, you keep it instead of throwing it away, giving it away, or selling it.",hang onto,hang onto,"hang onto | If you hang onto something, you keep it instead of throwing it away, giving it away, or selling it."
hang out (1),to hang wet clothes outside to dry,hang out (1),hang out,hang out | to hang wet clothes outside to dry
hang out (2) INFORMAL,"to spend time in a certain place, or with certain people",hang out (2),hang out,"hang out | to spend time in a certain place, or with certain people"
hang over,"If you feel that you are facing a threat or a danger, we can say the threat or the danger hangs over you.",hang over,hang over,"hang over | If you feel that you are facing a threat or a danger, we can say the threat or the danger hangs over you."
hang up,"If you hang up a piece of clothing or a towel, you hang it on a hook, a rail, a hanger, etc.",hang up,hang up,"hang up | If you hang up a piece of clothing or a towel, you hang it on a hook, a rail, a hanger, etc."
hang with INFORMAL,to spend time with,hang with,hang with,hang with | to spend time with
happen to,"If something happens to you, an event or an occurrence affects you directly.",happen to,happen to,"happen to | If something happens to you, an event or an occurrence affects you directly."
have against,"If you have something against someone, you don't like them because of something they've said or done in the past.",have against,have against,"have against | If you have something against someone, you don't like them because of something they've said or done in the past."
have on (1),"If you have something on, you are wearing it.",have on (1),have on,"have on | If you have something on, you are wearing it."
have on (2),"If you have something on at a certain time, you've arranged to do something at that time.",have on (2),have on,"have on | If you have something on at a certain time, you've arranged to do something at that time."
have out,"If you have something out, like a tooth or an organ, it's removed from your body.",have out,have out,"have out | If you have something out, like a tooth or an organ, it's removed from your body."
have round,"If you have people round, they visit your home, usually for a meal or for a social gathering.",have round,have round,"have round | If you have people round, they visit your home, usually for a meal or for a social gathering."
head for,to go in a certain direction or towards a particular place or situation,head for,head for,head for | to go in a certain direction or towards a particular place or situation
head off (1) INFORMAL,to leave a place,head off (1),head off,head off | to leave a place
head off (2),to stop something bad from happening,head off (2),head off,head off | to stop something bad from happening
head up,"to act as the head of a group or team, or to manage an organization",head up,head up,"head up | to act as the head of a group or team, or to manage an organization"
hear about,"If you hear about something, someone tells you about it or you find out about it from an information source like the news media.",hear about,hear about,"hear about | If you hear about something, someone tells you about it or you find out about it from an information source like the news media."
hear from,"If you hear from someone, they call you, email you or contact you in some other way.",hear from,hear from,"hear from | If you hear from someone, they call you, email you or contact you in some other way."
hear of,"If you've heard of someone, you know who they are and what they do.",hear of,hear of,"hear of | If you've heard of someone, you know who they are and what they do."
hear out,"If you hear somebody out, you listen to them until they've finished what they are saying.",hear out,hear out,"hear out | If you hear somebody out, you listen to them until they've finished what they are saying."
heat up (1),"If you heat something up, you make it hotter.",heat up (1),heat up,"heat up | If you heat something up, you make it hotter."
heat up (2),"If something like a discussion, a contest or a conflict heats up, it gets more intense, more exciting or more dangerous.",heat up (2),heat up,"heat up | If something like a discussion, a contest or a conflict heats up, it gets more intense, more exciting or more dangerous."
help out,"If you help someone out, you do something to help them.",help out,help out,"help out | If you help someone out, you do something to help them."
hem in,"to restrict someone's movement, or to limit someone's freedom",hem in,hem in,"hem in | to restrict someone's movement, or to limit someone's freedom"
hide away,"If you hide away, you go to a place where very few people can find you.",hide away,hide away,"hide away | If you hide away, you go to a place where very few people can find you."
hit back,"If someone is beating or attacking you and you hit back, you fight to defend yourself.",hit back,hit back,"hit back | If someone is beating or attacking you and you hit back, you fight to defend yourself."
hit on,to have a idea or to think of something,hit on,hit on,hit on | to have a idea or to think of something
hold against,"to dislike somebody, or be angry with them, because you blame them for something bad that happened in the past",hold against,hold against,"hold against | to dislike somebody, or be angry with them, because you blame them for something bad that happened in the past"
hold back,"to stop someone or something from going forward, or from progressing in some way",hold back,hold back,"hold back | to stop someone or something from going forward, or from progressing in some way"
hold down,to stop something from rising by pressing down on it or putting a heavy object on it,hold down,hold down,hold down | to stop something from rising by pressing down on it or putting a heavy object on it
hold forth FORMAL,"to talk about a topic for a long time, often in a way that other people find boring",hold forth,hold forth,"hold forth | to talk about a topic for a long time, often in a way that other people find boring"
hold off,to delay doing something until a later time,hold off,hold off,hold off | to delay doing something until a later time
hold on (1),to hold something like a railing or an overhead strap so you don't fall over,hold on (1),hold on,hold on | to hold something like a railing or an overhead strap so you don't fall over
hold on (2),to wait for a short time,hold on (2),hold on,hold on | to wait for a short time
hold out (1),"If you hold something out, you hold it where other people can reach it.",hold out (1),hold out,"hold out | If you hold something out, you hold it where other people can reach it."
hold out (2),"If a supply of something holds out, it continues to be enough and it doesn't run out.",hold out (2),hold out,"hold out | If a supply of something holds out, it continues to be enough and it doesn't run out."
hold out for,"to wait until you get what you want, especially when negotiating",hold out for,hold out for,"hold out for | to wait until you get what you want, especially when negotiating"
hold out on,to refuse to give information to someone,hold out on,hold out on,hold out on | to refuse to give information to someone
hold to,to make someone do what they promised or agreed to do,hold to,hold to,hold to | to make someone do what they promised or agreed to do
hold up (1),"to cause a delay, or make someone or something later than expected",hold up (1),hold up,"hold up | to cause a delay, or make someone or something later than expected"
hold up (2),to support something and stop it from falling down,hold up (2),hold up,hold up | to support something and stop it from falling down
hold up (3),to steal from someone while threatening them with a gun or a similar weapon,hold up (3),hold up,hold up | to steal from someone while threatening them with a gun or a similar weapon
hook up (1),"If you hook up things like computers and their peripherals, or the components of a home theatre, you connect them with cables.",hook up (1),hook up,"hook up | If you hook up things like computers and their peripherals, or the components of a home theatre, you connect them with cables."
hook up (2) INFORMAL,"to meet with someone and join with them in work, travel or leisure activities",hook up (2),hook up,"hook up | to meet with someone and join with them in work, travel or leisure activities"
hunt down,"If you hunt down someone, you try to find them and capture or kill them.",hunt down,hunt down,"hunt down | If you hunt down someone, you try to find them and capture or kill them."
hurry up,"If you hurry up, you try to do something faster.",hurry up,hurry up,"hurry up | If you hurry up, you try to do something faster."
hush up,"to try to keep something secret, especially something that could damage the reputation of a person or an organization",hush up,hush up,"hush up | to try to keep something secret, especially something that could damage the reputation of a person or an organization"
identify with,"If you identify with someone, you feel you have a connection with them and you can understand them and share their feelings.",identify with,identify with,"identify with | If you identify with someone, you feel you have a connection with them and you can understand them and share their feelings."
impact on,to have a significant effect on something,impact on,impact on,impact on | to have a significant effect on something
impose on,"If you impose something on someone, you force them to accept it even if they don't want to.",impose on,impose on,"impose on | If you impose something on someone, you force them to accept it even if they don't want to."
improve on,"If something is improved on, it's made better than it was.",improve on,improve on,"improve on | If something is improved on, it's made better than it was."
incline to FORMAL,"If somebody inclines to something such as a certain way of thinking, they will usually think in that way.",incline to,incline to,"incline to | If somebody inclines to something such as a certain way of thinking, they will usually think in that way."
indulge in,"to do something that gives you pleasure, even though there could be some negative consequences",indulge in,indulge in,"indulge in | to do something that gives you pleasure, even though there could be some negative consequences"
infer from,to believe something is true because you have some indirect evidence of it,infer from,infer from,infer from | to believe something is true because you have some indirect evidence of it
inject into,to add something positive in order to make something work better,inject into,inject into,inject into | to add something positive in order to make something work better
insist on,"If you insist on something, you say that you must have it or it must be done.",insist on,insist on,"insist on | If you insist on something, you say that you must have it or it must be done."
instil in,to condition someone to follow a certain belief or to behave in a certain way,instil in,instil in,instil in | to condition someone to follow a certain belief or to behave in a certain way
interest in,"If you interest somebody in something, you make them want to know more about it.",interest in,interest in,"interest in | If you interest somebody in something, you make them want to know more about it."
interfere with,to prevent something from happening in the usual way or stop it from developing normally,interfere with,interfere with,interfere with | to prevent something from happening in the usual way or stop it from developing normally
invest in (1),to put your energy and resources into something that you think will help you to achieve your goal,invest in (1),invest in,invest in | to put your energy and resources into something that you think will help you to achieve your goal
invest in (2),to put your money into a company or a business venture in order to get a share of any profit it makes,invest in (2),invest in,invest in | to put your money into a company or a business venture in order to get a share of any profit it makes
invite around,"If you invite somebody around, you invite them to your home for a meal, or a party, or a game of cards, etc.",invite around,invite around,"invite around | If you invite somebody around, you invite them to your home for a meal, or a party, or a game of cards, etc."
invite in,"If you invite somebody in, you ask them to come inside.",invite in,invite in,"invite in | If you invite somebody in, you ask them to come inside."
invite out,"If you invite somebody out, you ask them to go to a restaurant with you, or to see a movie, or go dancing, etc.",invite out,invite out,"invite out | If you invite somebody out, you ask them to go to a restaurant with you, or to see a movie, or go dancing, etc."
invite over,"If you invite somebody over, you invite them to your home, usually for a meal.",invite over,invite over,"invite over | If you invite somebody over, you invite them to your home, usually for a meal."
involve in,"If you involve yourself in something, or if someone else involves you in something, you take part in it.",involve in,involve in,"involve in | If you involve yourself in something, or if someone else involves you in something, you take part in it."
iron out,"If you iron out the last details of a deal, you sort out the final problems or issues.",iron out,iron out,"iron out | If you iron out the last details of a deal, you sort out the final problems or issues."
itching for,"If you're itching for something, you really want it.",itching for,itching for,"itching for | If you're itching for something, you really want it."
jack up (1) INFORMAL,to increase the price or the cost of something by a large amount,jack up (1),jack up,jack up | to increase the price or the cost of something by a large amount
jack up (2),"If you jack something up, you use a jack to lift it off the ground.",jack up (2),jack up,"jack up | If you jack something up, you use a jack to lift it off the ground."
jam into,to force too many things or people into a small space,jam into,jam into,jam into | to force too many things or people into a small space
jam up,"If something jams up, it can't work properly because one of its moving parts is jammed by something.",jam up,jam up,"jam up | If something jams up, it can't work properly because one of its moving parts is jammed by something."
jazz up INFORMAL,"If you jazz something up, you make it more exciting and more interesting.",jazz up,jazz up,"jazz up | If you jazz something up, you make it more exciting and more interesting."
jerk around INFORMAL,"If someone jerks you around, they treat you badly or they deceive you in some way.",jerk around,jerk around,"jerk around | If someone jerks you around, they treat you badly or they deceive you in some way."
join in,"If you join in an activity, you start doing it with people who are already doing it.",join in,join in,"join in | If you join in an activity, you start doing it with people who are already doing it."
join up (1),"If you join up two things, you connect them.",join up (1),join up,"join up | If you join up two things, you connect them."
join up (2),"If you join up, you enter the military in order to train and become a member of one of the armed forces.",join up (2),join up,"join up | If you join up, you enter the military in order to train and become a member of one of the armed forces."
join with FORMAL,"If you join with someone or something to do something, you do it together.",join with,join with,"join with | If you join with someone or something to do something, you do it together."
jot down,"If you jot something down, you quickly write it down on a pad or piece of paper.",jot down,jot down,"jot down | If you jot something down, you quickly write it down on a pad or piece of paper."
juice up INFORMAL,"to make something more exciting, more impressive, or more powerful",juice up,juice up,"juice up | to make something more exciting, more impressive, or more powerful"
jumble up,"If you jumble things up, you mix them up so that they are no longer in their proper order or formation.",jumble up,jumble up,"jumble up | If you jumble things up, you mix them up so that they are no longer in their proper order or formation."
jump at,"If you jump at something like an offer or an opportunity, you take it with enthusiasm.",jump at,jump at,"jump at | If you jump at something like an offer or an opportunity, you take it with enthusiasm."
jump in (1),"If people are talking and you jump in, you interrupt someone who's talking, or you say something without being asked to speak.",jump in (1),jump in,"jump in | If people are talking and you jump in, you interrupt someone who's talking, or you say something without being asked to speak."
jump in (2),"If you jump in, you get involved in a situation as soon as you notice it.",jump in (2),jump in,"jump in | If you jump in, you get involved in a situation as soon as you notice it."
jump on INFORMAL,"If someone jumps on you, they strongly criticise you.",jump on,jump on,"jump on | If someone jumps on you, they strongly criticise you."
jump up,"If you jump up, you stand up quickly.",jump up,jump up,"jump up | If you jump up, you stand up quickly."
jut out,"If something juts out, it is further forward than usual or it sticks out more than usual.",jut out,jut out,"jut out | If something juts out, it is further forward than usual or it sticks out more than usual."
keel over,"If somebody keels over, they fall to the floor, usually because of illness or loss of consciousness.",keel over,keel over,"keel over | If somebody keels over, they fall to the floor, usually because of illness or loss of consciousness."
keep at,"If you keep at something, you continue doing it.",keep at,keep at,"keep at | If you keep at something, you continue doing it."
keep away,"If you keep something or someone away, you don't let the thing or the person come near.",keep away,keep away,"keep away | If you keep something or someone away, you don't let the thing or the person come near."
keep away from,"If you keep away from something or someone, you don't go near the thing or the person.",keep away from,keep away from,"keep away from | If you keep away from something or someone, you don't go near the thing or the person."
keep back (1),"If you keep something back, you don't tell someone about it.",keep back (1),keep back,"keep back | If you keep something back, you don't tell someone about it."
keep back (2),"If something keeps you back, it stops you from getting where you want to go.",keep back (2),keep back,"keep back | If something keeps you back, it stops you from getting where you want to go."
keep down (1),"If you keep something down, you stop it from increasing in size or number.",keep down (1),keep down,"keep down | If you keep something down, you stop it from increasing in size or number."
keep down (2),to stop a noise from getting too loud,keep down (2),keep down,keep down | to stop a noise from getting too loud
keep down (3),to keep food in your stomach even though you feel like vomiting,keep down (3),keep down,keep down | to keep food in your stomach even though you feel like vomiting
keep from (1),"If something or someone keeps you from doing something, it means you can't do it.",keep from (1),keep from,"keep from | If something or someone keeps you from doing something, it means you can't do it."
keep from (2),"If you keep something from someone, you don't tell them about it.",keep from (2),keep from,"keep from | If you keep something from someone, you don't tell them about it."
keep in,to make someone stay in a place like a school or a hospital,keep in,keep in,keep in | to make someone stay in a place like a school or a hospital
keep off (1),"to not go on something, or to stop something or someone from going on something",keep off (1),keep off,"keep off | to not go on something, or to stop something or someone from going on something"
keep off (2),to avoid something like a certain food or a certain topic in conversation,keep off (2),keep off,keep off | to avoid something like a certain food or a certain topic in conversation
keep on (1),"If you keep on doing something, you continue doing it.",keep on (1),keep on,"keep on | If you keep on doing something, you continue doing it."
keep on (2),"If you keep somebody on, you continue to employ them.",keep on (2),keep on,"keep on | If you keep somebody on, you continue to employ them."
keep out,"If you keep something out, you make sure it stays outside and doesn't come inside.",keep out,keep out,"keep out | If you keep something out, you make sure it stays outside and doesn't come inside."
keep out of,"If you keep out of something, you don't get involved in it.",keep out of,keep out of,"keep out of | If you keep out of something, you don't get involved in it."
keep to,"If you keep to something like a limit, a budget or a schedule, you don't go over it or outside it.",keep to,keep to,"keep to | If you keep to something like a limit, a budget or a schedule, you don't go over it or outside it."
keep up (1),to continue doing something that has been successful,keep up (1),keep up,keep up | to continue doing something that has been successful
keep up (2),"If you keep up with someone, you stay at the same level and don't fall behind them.",keep up (2),keep up,"keep up | If you keep up with someone, you stay at the same level and don't fall behind them."
keep up (3),"If somebody or something keeps you up, you cannot go to bed.",keep up (3),keep up,"keep up | If somebody or something keeps you up, you cannot go to bed."
key in,to press the keys of a keyboard or a keypad in order to enter data,key in,key in,key in | to press the keys of a keyboard or a keypad in order to enter data
kick against,"to show anger or opposition to something, especially if you're powerless to change it",kick against,kick against,"kick against | to show anger or opposition to something, especially if you're powerless to change it"
kick around (1) INFORMAL,to discuss ideas or options in an informal way,kick around (1),kick around,kick around | to discuss ideas or options in an informal way
kick around (2) INFORMAL,to treat someone badly,kick around (2),kick around,kick around | to treat someone badly
kick back INFORMAL,"to relax and ""take it easy""",kick back,kick back,"kick back | to relax and ""take it easy"""
kick in INFORMAL,"If something kicks in, it starts to work or it starts to have an effect.",kick in,kick in,"kick in | If something kicks in, it starts to work or it starts to have an effect."
kick off (1) INFORMAL,"to start something like a game, a meeting or a concert",kick off (1),kick off,"kick off | to start something like a game, a meeting or a concert"
kick off (2) INFORMAL,to force someone to leave something like a team or a committee,kick off (2),kick off,kick off | to force someone to leave something like a team or a committee
kick out INFORMAL,"If somebody is kicked out of a place, they are forced to leave.",kick out,kick out,"kick out | If somebody is kicked out of a place, they are forced to leave."
kick over,"If you kick something over, you make it fall over by kicking it.",kick over,kick over,"kick over | If you kick something over, you make it fall over by kicking it."
kid around INFORMAL,to have fun by acting in a silly way,kid around,kid around,kid around | to have fun by acting in a silly way
kill off,to cause the death of a whole population or an entire species,kill off,kill off,kill off | to cause the death of a whole population or an entire species
kneel down,"If you kneel down, you lower your height by putting one or both knees on the floor.",kneel down,kneel down,"kneel down | If you kneel down, you lower your height by putting one or both knees on the floor."
knock around (1) INFORMAL,to hit or kick somebody repeatedly,knock around (1),knock around,knock around | to hit or kick somebody repeatedly
knock around (2) INFORMAL,"If you knock around with someone, you spend time together because you're friends.",knock around (2),knock around,"knock around | If you knock around with someone, you spend time together because you're friends."
knock back (1) INFORMAL,"to take a drink, usually alcoholic",knock back (1),knock back,"knock back | to take a drink, usually alcoholic"
knock back (2) INFORMAL,to reject someone or something or to refuse a request for something,knock back (2),knock back,knock back | to reject someone or something or to refuse a request for something
knock down (1),"If something like a building or a wall is knocked down, it is destroyed on purpose.",knock down (1),knock down,"knock down | If something like a building or a wall is knocked down, it is destroyed on purpose."
knock down (2),to hit someone with a vehicle,knock down (2),knock down,knock down | to hit someone with a vehicle
knock off (1) INFORMAL,to stop work for the day,knock off (1),knock off,knock off | to stop work for the day
knock off (2) INFORMAL,to steal something,knock off (2),knock off,knock off | to steal something
knock off (3) INFORMAL,to murder somebody,knock off (3),knock off,knock off | to murder somebody
knock off (4) INFORMAL,"to reduce something, like a price or an amount",knock off (4),knock off,"knock off | to reduce something, like a price or an amount"
knock out (1),"If you are knocked out, you are hit so hard that you lose consciousness.",knock out (1),knock out,"knock out | If you are knocked out, you are hit so hard that you lose consciousness."
knock out (2) INFORMAL,"If you knock somebody out, you impress them very much with something you do, or something you make.",knock out (2),knock out,"knock out | If you knock somebody out, you impress them very much with something you do, or something you make."
knock out (3),"If you knock somebody out of a competition, they cannot continue because you've defeated them.",knock out (3),knock out,"knock out | If you knock somebody out of a competition, they cannot continue because you've defeated them."
knock over (1),to hit somebody with a vehicle and injure or kill them,knock over (1),knock over,knock over | to hit somebody with a vehicle and injure or kill them
knock over (2) INFORMAL,to rob something like a bank or a shop,knock over (2),knock over,knock over | to rob something like a bank or a shop
knock together,"to make something quickly, or without putting too much thought into details",knock together,knock together,"knock together | to make something quickly, or without putting too much thought into details"
knock up (1) INFORMAL,to make something quickly and without too much effort,knock up (1),knock up,knock up | to make something quickly and without too much effort
knock up (2),to make a woman pregnant,knock up (2),knock up,knock up | to make a woman pregnant
know of,"If you know of something, you are aware of it.",know of,know of,"know of | If you know of something, you are aware of it."
known as,"to be called a certain name, even though it mightn't be a real or official name",known as,known as,"known as | to be called a certain name, even though it mightn't be a real or official name"
known for,to be well-known for something or famous for something,known for,known for,known for | to be well-known for something or famous for something
knuckle down INFORMAL,"If you knuckle down, you start to take your work or your task seriously and do it properly.",knuckle down,knuckle down,"knuckle down | If you knuckle down, you start to take your work or your task seriously and do it properly."
lash out,to verbally or physically attack someone or something,lash out,lash out,lash out | to verbally or physically attack someone or something
laugh off,to joke about something in order to make it seem less serious,laugh off,laugh off,laugh off | to joke about something in order to make it seem less serious
launch into,"to start off something, like a speech or a song, in an energetic way",launch into,launch into,"launch into | to start off something, like a speech or a song, in an energetic way"
lay aside,"to keep something for the future, such as money",lay aside,lay aside,"lay aside | to keep something for the future, such as money"
lay down,"to officially state something like a policy, or rules, regulations, conditions, guidelines, etc.",lay down,lay down,"lay down | to officially state something like a policy, or rules, regulations, conditions, guidelines, etc."
lay into (1) INFORMAL,to attack someone and repeatedly punch and kick them,lay into (1),lay into,lay into | to attack someone and repeatedly punch and kick them
lay into (2) INFORMAL,"If you lay into someone, you criticize them in an angry way.",lay into (2),lay into,"lay into | If you lay into someone, you criticize them in an angry way."
lay off,"If you lay someone off, you stop employing them and tell them they no longer have a job.",lay off,lay off,"lay off | If you lay someone off, you stop employing them and tell them they no longer have a job."
lay out (1),"If you lay things out, you spread them out so they're easy to see or easy to use.",lay out (1),lay out,"lay out | If you lay things out, you spread them out so they're easy to see or easy to use."
lay out (2),to explain an idea or a plan clearly and in detail,lay out (2),lay out,lay out | to explain an idea or a plan clearly and in detail
laze around,to relax and do very little,laze around,laze around,laze around | to relax and do very little
lead to,to cause something to happen,lead to,lead to,lead to | to cause something to happen
lead up to,"If a period of time or a series of events leads up to a particular event, it happens just before it.",lead up to,lead up to,"lead up to | If a period of time or a series of events leads up to a particular event, it happens just before it."
leave behind,"If you left something behind, you forgot to bring it with you.",leave behind,leave behind,"leave behind | If you left something behind, you forgot to bring it with you."
leave in,"If you leave something in, you don't take it out or cut it out.",leave in,leave in,"leave in | If you leave something in, you don't take it out or cut it out."
leave out,"If you leave something out, you don't include it or count it.",leave out,leave out,"leave out | If you leave something out, you don't include it or count it."
leave to,to give someone responsibility for dealing with something or making a decision about something,leave to,leave to,leave to | to give someone responsibility for dealing with something or making a decision about something
leave up to,"If you leave something up to someone, you let them do it or you give them responsibility for it.",leave up to,leave up to,"leave up to | If you leave something up to someone, you let them do it or you give them responsibility for it."
let down (1),"If you let someone down, you disappoint them by not doing what they expect you to do.",let down (1),let down,"let down | If you let someone down, you disappoint them by not doing what they expect you to do."
let down (2),to release the air from something like a tyre or a blow-up mattress,let down (2),let down,let down | to release the air from something like a tyre or a blow-up mattress
let go of,to stop holding something or someone,let go of,let go of,let go of | to stop holding something or someone
let in,"If you let someone in, you allow them to enter a room or a building.",let in,let in,"let in | If you let someone in, you allow them to enter a room or a building."
let off (1),to give someone little or no punishment for doing something wrong,let off (1),let off,let off | to give someone little or no punishment for doing something wrong
let off (2),to make something explode,let off (2),let off,let off | to make something explode
let out (1),to allow somebody or something to leave a place,let out (1),let out,let out | to allow somebody or something to leave a place
let out (2),to make a particular sound or noise,let out (2),let out,let out | to make a particular sound or noise
let out (3),to rent a room or a building to somebody,let out (3),let out,let out | to rent a room or a building to somebody
let up,to become weaker or to become less intense,let up,let up,let up | to become weaker or to become less intense
level with INFORMAL,"If you level with someone, you tell them the truth about something.",level with,level with,"level with | If you level with someone, you tell them the truth about something."
lie down,"to lie on a flat surface, such as a bed, usually to have a rest",lie down,lie down,"lie down | to lie on a flat surface, such as a bed, usually to have a rest"
lift up,to move something to a higher position,lift up,lift up,lift up | to move something to a higher position
light up,"If something lights up, it becomes full of light or colour.",light up,light up,"light up | If something lights up, it becomes full of light or colour."
lighten up INFORMAL,to become less serious or more easy-going,lighten up,lighten up,lighten up | to become less serious or more easy-going
line up,"If you line up, you join a line of people standing one behind the other, or side by side.",line up,line up,"line up | If you line up, you join a line of people standing one behind the other, or side by side."
listen in,to try to hear what people are saying when they don't know you're listening,listen in,listen in,listen in | to try to hear what people are saying when they don't know you're listening
live down,to have people forget about something embarrassing or silly that you've done,live down,live down,live down | to have people forget about something embarrassing or silly that you've done
live for,"to believe that something or someone gives your life meaning, or gives you a reason to live",live for,live for,"live for | to believe that something or someone gives your life meaning, or gives you a reason to live"
live off,to depend on something for the money or food you need to live,live off,live off,live off | to depend on something for the money or food you need to live
live on,"If you live on a certain amount of money, you spend that much on your usual living expenses.",live on,live on,"live on | If you live on a certain amount of money, you spend that much on your usual living expenses."
live together,"If two people live together, they live in the same place and are in a sexual relationship without being married.",live together,live together,"live together | If two people live together, they live in the same place and are in a sexual relationship without being married."
live up to,to be as good as expected,live up to,live up to,live up to | to be as good as expected
live with,"to accept something in your life that you cannot change, even though you don't like it or want it",live with,live with,"live with | to accept something in your life that you cannot change, even though you don't like it or want it"
lock up,to lock the doors and windows of a building or a car to make it secure,lock up,lock up,lock up | to lock the doors and windows of a building or a car to make it secure
log in,"to do certain things, like typing in a username and password, in order to access an online application or a computer network",log in,log in,"log in | to do certain things, like typing in a username and password, in order to access an online application or a computer network"
log out,"to stop accessing a computer system, or to stop using an online application",log out,log out,"log out | to stop accessing a computer system, or to stop using an online application"
long for,to want something you miss very much,long for,long for,long for | to want something you miss very much
look after,to make sure something or someone has everything they need and is healthy,look after,look after,look after | to make sure something or someone has everything they need and is healthy
look at (1),to focus your eyes on something,look at (1),look at,look at | to focus your eyes on something
look at (2),to think carefully before doing something,look at (2),look at,look at | to think carefully before doing something
look back on,"If you look back on something, you think about a period of time in the past or an event in the past.",look back on,look back on,"look back on | If you look back on something, you think about a period of time in the past or an event in the past."
look down on,"to think that someone is not as good as you are, or not as important as you are",look down on,look down on,"look down on | to think that someone is not as good as you are, or not as important as you are"
look for,"If you are looking for something, you're trying to find it.",look for,look for,"look for | If you are looking for something, you're trying to find it."
look forward to,"If you're looking forward to something that's going to happen, you feel excited or happy about it.",look forward to,look forward to,"look forward to | If you're looking forward to something that's going to happen, you feel excited or happy about it."
look into,"If you look into something, you investigate it or you try to find out more about it.",look into,look into,"look into | If you look into something, you investigate it or you try to find out more about it."
look on,to watch an event or an activity without being involved in it,look on,look on,look on | to watch an event or an activity without being involved in it
Look out!,"If someone is in immediate danger, you can warn them by shouting ""Look out!"".",Look out!,Look out!,"Look out! | If someone is in immediate danger, you can warn them by shouting ""Look out!""."
look up (1),to try to find out something by looking in a reference book or on a reference website,look up (1),look up,look up | to try to find out something by looking in a reference book or on a reference website
look up (2),"If a situation is looking up, it seems to be getting better.",look up (2),look up,"look up | If a situation is looking up, it seems to be getting better."
look up to,"If someone looks up to another person, they respect or admire them.",look up to,look up to,"look up to | If someone looks up to another person, they respect or admire them."
lose out,"If you lose out, you fail to benefit from something that others are benefitting from.",lose out,lose out,"lose out | If you lose out, you fail to benefit from something that others are benefitting from."
mail out,to mail copies of something like a catalog or a CV to many people,mail out,mail out,mail out | to mail copies of something like a catalog or a CV to many people
major in,"If you major in a field of study at university or college, that field is your main area of study.",major in,major in,"major in | If you major in a field of study at university or college, that field is your main area of study."
make for,to move towards something,make for,make for,make for | to move towards something
make into,to change someone or something into someone or something different,make into,make into,make into | to change someone or something into someone or something different
make of (1),"to understand, or to make sense of, someone or something",make of (1),make of,"make of | to understand, or to make sense of, someone or something"
make of (2),to use a chance or a talent to achieve success,make of (2),make of,make of | to use a chance or a talent to achieve success
make off with,"If you make off with something, you escape with something that you've stolen or something you got by cheating people.",make off with,make off with,"make off with | If you make off with something, you escape with something that you've stolen or something you got by cheating people."
make out (1),"to see or hear something, but only with difficulty",make out (1),make out,"make out | to see or hear something, but only with difficulty"
make out (2) INFORMAL,"to hug, kiss and touch in a sexual way",make out (2),make out,"make out | to hug, kiss and touch in a sexual way"
make out (3),to write the details on a check or a legal document,make out (3),make out,make out | to write the details on a check or a legal document
make out (4),to create a false idea or image of someone or something,make out (4),make out,make out | to create a false idea or image of someone or something
make over (1),to officially transfer ownership of something to someone,make over (1),make over,make over | to officially transfer ownership of something to someone
make over (2),to make someone or something look better,make over (2),make over,make over | to make someone or something look better
make up (1),to invent a story or think of an explanation for something,make up (1),make up,make up | to invent a story or think of an explanation for something
make up (2),"If you make up with someone, you become friends again after having an argument or a disagreement with them.",make up (2),make up,"make up | If you make up with someone, you become friends again after having an argument or a disagreement with them."
make up for,to do something to improve the situation after you've done something wrong,make up for,make up for,make up for | to do something to improve the situation after you've done something wrong
map out,"If you map out something, you plan in detail the future of something.",map out,map out,"map out | If you map out something, you plan in detail the future of something."
march on,to walk in a group towards a place in order to protest against something or to demand something,march on,march on,march on | to walk in a group towards a place in order to protest against something or to demand something
mark down,"If you mark something down, you reduce its selling price.",mark down,mark down,"mark down | If you mark something down, you reduce its selling price."
mark off (1),"If you mark off items on a list, you mark each one after you've dealt with it.",mark off (1),mark off,"mark off | If you mark off items on a list, you mark each one after you've dealt with it."
mark off (2),"If you mark off an area, you show where the boundaries are with lines, strings, or other markers.",mark off (2),mark off,"mark off | If you mark off an area, you show where the boundaries are with lines, strings, or other markers."
mark up,"If you mark something up, you sell it for a price that is higher than the price you paid for it.",mark up,mark up,"mark up | If you mark something up, you sell it for a price that is higher than the price you paid for it."
match up,"to find things that go together, or match in some way",match up,match up,"match up | to find things that go together, or match in some way"
max out INFORMAL,"to reach the maximum limit of something, or to use up all of something",max out,max out,"max out | to reach the maximum limit of something, or to use up all of something"
measure up,to be good enough or to be of the required standard,measure up,measure up,measure up | to be good enough or to be of the required standard
meet up,"to arrange to meet somebody, or to meet by chance",meet up,meet up,"meet up | to arrange to meet somebody, or to meet by chance"
meet with,"to get a certain reaction or response, either positive or negative",meet with,meet with,"meet with | to get a certain reaction or response, either positive or negative"
mess around,"If you're messing around, you're wasting time or behaving in a silly way.",mess around,mess around,"mess around | If you're messing around, you're wasting time or behaving in a silly way."
mess up INFORMAL,"to do something incorrectly, or to make a mistake",mess up,mess up,"mess up | to do something incorrectly, or to make a mistake"
minor in,to study another subject at university or college in addition to your main subject,minor in,minor in,minor in | to study another subject at university or college in addition to your main subject
miss out,"to miss the chance to get something you'd like to have, or do something you'd like to do",miss out,miss out,"miss out | to miss the chance to get something you'd like to have, or do something you'd like to do"
mistake for,to wrongly think that a person or thing is someone or something else,mistake for,mistake for,mistake for | to wrongly think that a person or thing is someone or something else
mix up (1),"If you mix up two or more things, you forget which one is which.",mix up (1),mix up,"mix up | If you mix up two or more things, you forget which one is which."
mix up (2),"If you mix things up, you put things of different kinds together when they are usually separated.",mix up (2),mix up,"mix up | If you mix things up, you put things of different kinds together when they are usually separated."
mixed up in,"to be involved in something illegal or immoral, such as organised crime or corruption",mixed up in,mixed up in,"mixed up in | to be involved in something illegal or immoral, such as organised crime or corruption"
mock up,to make a model of something to show how it will look or work,mock up,mock up,mock up | to make a model of something to show how it will look or work
model on,to use something or someone as an example to copy when making something or doing something,model on,model on,model on | to use something or someone as an example to copy when making something or doing something
mop up,to clean up something that has spilled by using a mop or a cloth,mop up,mop up,mop up | to clean up something that has spilled by using a mop or a cloth
mount up,to gradually become larger or greater in amount,mount up,mount up,mount up | to gradually become larger or greater in amount
mouth off INFORMAL,"to speak in a loud and annoying way, especially when criticizing or complaining about something",mouth off,mouth off,"mouth off | to speak in a loud and annoying way, especially when criticizing or complaining about something"
move in (1),to move your belongings into a new place and start living there,move in (1),move in,move in | to move your belongings into a new place and start living there
move in (2),"to move closer, especially when you're trying to attack or catch someone or something",move in (2),move in,"move in | to move closer, especially when you're trying to attack or catch someone or something"
move in on,to try to take control of something that someone else has control of,move in on,move in on,move in on | to try to take control of something that someone else has control of
move into,"to begin living or working in a new place, or to go into a new type of business",move into,move into,"move into | to begin living or working in a new place, or to go into a new type of business"
move on,"If you move on, you stop doing one activity and start doing another, or stop discussing one topic and start discussing another.",move on,move on,"move on | If you move on, you stop doing one activity and start doing another, or stop discussing one topic and start discussing another."
move out,"If you move out, you leave the place in which you've been living or working, and move to a new place to live or work.",move out,move out,"move out | If you move out, you leave the place in which you've been living or working, and move to a new place to live or work."
move over,"If you move over, you change position to make room for someone or something, or to block someone or something.",move over,move over,"move over | If you move over, you change position to make room for someone or something, or to block someone or something."
move up (1),"If you move up, you make space for someone else to sit down by moving a little.",move up (1),move up,"move up | If you move up, you make space for someone else to sit down by moving a little."
move up (2),"to move someone to a higher position, a higher level, a higher ranking, etc.",move up (2),move up,"move up | to move someone to a higher position, a higher level, a higher ranking, etc."
mow down,"to kill a number of people, usually by shooting them or driving a vehicle into them",mow down,mow down,"mow down | to kill a number of people, usually by shooting them or driving a vehicle into them"
muck around INFORMAL,to waste time when you could be doing something useful,muck around,muck around,muck around | to waste time when you could be doing something useful
muck up INFORMAL,"If you muck something up, you do it badly and fail to achieve your goal.",muck up,muck up,"muck up | If you muck something up, you do it badly and fail to achieve your goal."
muddle through,"If you muddle through, you succeed in doing something even though you haven't got the skills or equipment usually needed.",muddle through,muddle through,"muddle through | If you muddle through, you succeed in doing something even though you haven't got the skills or equipment usually needed."
mull over,to think carefully about something before making a decision,mull over,mull over,mull over | to think carefully about something before making a decision
muscle in,to use your power or influence to force your way into a situation even if you're not wanted,muscle in,muscle in,muscle in | to use your power or influence to force your way into a situation even if you're not wanted
nag at,"If someone is being nagged at by a fear, a doubt or a regret, they can't stop thinking about it.",nag at,nag at,"nag at | If someone is being nagged at by a fear, a doubt or a regret, they can't stop thinking about it."
nail down (1),"If you nail something down, you finally make a decision or come to an agreement about something.",nail down (1),nail down,"nail down | If you nail something down, you finally make a decision or come to an agreement about something."
nail down (2),"If you nail something down, you fasten it to a surface, such as the floor, with a nail.",nail down (2),nail down,"nail down | If you nail something down, you fasten it to a surface, such as the floor, with a nail."
nail up,"If you nail something up, you use a nail to attach it to a vertical surface like a wall or a door.",nail up,nail up,"nail up | If you nail something up, you use a nail to attach it to a vertical surface like a wall or a door."
name after,"If you name somebody after someone else, you give them the same name.",name after,name after,"name after | If you name somebody after someone else, you give them the same name."
name for,"If you name somebody for someone else, you give them the same name.",name for,name for,"name for | If you name somebody for someone else, you give them the same name."
narrow down,"to reduce the number of possibilities, options or choices",narrow down,narrow down,"narrow down | to reduce the number of possibilities, options or choices"
nibble away at,"to gradually reduce the quantity, strength or value of something",nibble away at,nibble away at,"nibble away at | to gradually reduce the quantity, strength or value of something"
nip out INFORMAL,"If you nip out, you leave wherever you are for a short time.",nip out,nip out,"nip out | If you nip out, you leave wherever you are for a short time."
nod off INFORMAL,"If you nod off, you fall asleep without meaning to.",nod off,nod off,"nod off | If you nod off, you fall asleep without meaning to."
nose around,"If someone is nosing around, they're looking around in order to find information about something.",nose around,nose around,"nose around | If someone is nosing around, they're looking around in order to find information about something."
notch up INFORMAL,to achieve something like a win or a record,notch up,notch up,notch up | to achieve something like a win or a record
note down,"If you note down something, you write it on a piece of paper or in a notebook.",note down,note down,"note down | If you note down something, you write it on a piece of paper or in a notebook."
number among,to include something or someone in a class or group of similar things or people,number among,number among,number among | to include something or someone in a class or group of similar things or people
nut out,"If you nut something out, you solve a problem or you calculate something.",nut out,nut out,"nut out | If you nut something out, you solve a problem or you calculate something."
object to,"If you object to something, you don't think it's a good thing or a good idea, so you oppose it or you are against it.",object to,object to,"object to | If you object to something, you don't think it's a good thing or a good idea, so you oppose it or you are against it."
occur to,"If a thought or an idea occurs to you, it comes to you.",occur to,occur to,"occur to | If a thought or an idea occurs to you, it comes to you."
offer up,"to give thanks, praise or prayers to God or gods",offer up,offer up,"offer up | to give thanks, praise or prayers to God or gods"
open out,to unfold and spread a folded map or newspaper in order to read it,open out,open out,open out | to unfold and spread a folded map or newspaper in order to read it
open up (1),"If you open up to somebody, you share your feelings with them.",open up (1),open up,"open up | If you open up to somebody, you share your feelings with them."
open up (2),"If a country opens up, it becomes easier to travel there and do business.",open up (2),open up,"open up | If a country opens up, it becomes easier to travel there and do business."
open up (3),"If you open up a new business, you set it up and start trading.",open up (3),open up,"open up | If you open up a new business, you set it up and start trading."
opposed to,"If you are opposed to something, you're against it or you don't support it.",opposed to,opposed to,"opposed to | If you are opposed to something, you're against it or you don't support it."
opt for,"If you opt for something, you choose it from a range of possible options.",opt for,opt for,"opt for | If you opt for something, you choose it from a range of possible options."
opt in,"If you opt in, you choose to accept something, or do something, that is offered to you as an option.",opt in,opt in,"opt in | If you opt in, you choose to accept something, or do something, that is offered to you as an option."
opt out,"If you opt out of something, you choose not to be involved in it.",opt out,opt out,"opt out | If you opt out of something, you choose not to be involved in it."
order about,"If you order people about, you tell them what to do in a bossy way.",order about,order about,"order about | If you order people about, you tell them what to do in a bossy way."
order around,"If you order people around, you tell them what to do in a bossy way.",order around,order around,"order around | If you order people around, you tell them what to do in a bossy way."
order in,"If you order in, you order food from a take-away restaurant and have it delivered to your home or office.",order in,order in,"order in | If you order in, you order food from a take-away restaurant and have it delivered to your home or office."
order off,"to tell a player to leave the field of play, or the court, usually because they have committed a foul or broken a rule",order off,order off,"order off | to tell a player to leave the field of play, or the court, usually because they have committed a foul or broken a rule"
order out,"If you order out, you order food from a take-away restaurant and have it delivered to you.",order out,order out,"order out | If you order out, you order food from a take-away restaurant and have it delivered to you."
order up (1),"to issue an order for something to be done, usually in relation to the government or the military",order up (1),order up,"order up | to issue an order for something to be done, usually in relation to the government or the military"
order up (2),to have food or drinks delivered to your room in a hotel,order up (2),order up,order up | to have food or drinks delivered to your room in a hotel
overcome with,to be strongly affected by an emotion or a feeling,overcome with,overcome with,overcome with | to be strongly affected by an emotion or a feeling
owe to (1),"If you owe something to someone, you feel that you only have it because of the person's help or support.",owe to (1),owe to,"owe to | If you owe something to someone, you feel that you only have it because of the person's help or support."
owe to (2),"If something happens owing to something else, it happens as a result of it.",owe to (2),owe to,"owe to | If something happens owing to something else, it happens as a result of it."
own up,"If you own up to something, you admit that you've done something wrong or made a mistake.",own up,own up,"own up | If you own up to something, you admit that you've done something wrong or made a mistake."
pack away (1),"If you pack something away, you put it back where it's usually kept after you've finished using it.",pack away (1),pack away,"pack away | If you pack something away, you put it back where it's usually kept after you've finished using it."
pack away (2) INFORMAL,to eat a lot of food,pack away (2),pack away,pack away | to eat a lot of food
pack in (1) INFORMAL,to attract large audiences or large crowds of spectators,pack in (1),pack in,pack in | to attract large audiences or large crowds of spectators
pack in (2) INFORMAL,"If you pack something in, you stop doing it.",pack in (2),pack in,"pack in | If you pack something in, you stop doing it."
pack into (1),to fit into a small or crowded space,pack into (1),pack into,pack into | to fit into a small or crowded space
pack into (2),to fit a lot of activities into a limited time,pack into (2),pack into,pack into | to fit a lot of activities into a limited time
pack up (1),to put things into boxes or bags before moving them or sending them somewhere,pack up (1),pack up,pack up | to put things into boxes or bags before moving them or sending them somewhere
pack up (2) INFORMAL,"If something packs up, it stops working and needs to be fixed.",pack up (2),pack up,"pack up | If something packs up, it stops working and needs to be fixed."
pan out INFORMAL,"If you see how a situation pans out, you see how it develops over time.",pan out,pan out,"pan out | If you see how a situation pans out, you see how it develops over time."
part with,"to give something to someone else, especially when you'd prefer to keep it",part with,part with,"part with | to give something to someone else, especially when you'd prefer to keep it"
pass around,to pass something from person to person in a group,pass around,pass around,pass around | to pass something from person to person in a group
pass away,"If someone passes away, they die.",pass away,pass away,"pass away | If someone passes away, they die."
pass by,to go past something or someone,pass by,pass by,pass by | to go past something or someone
pass off as,to make someone believe that a copy or a replica is the real thing,pass off as,pass off as,pass off as | to make someone believe that a copy or a replica is the real thing
pass on,"If you pass something on, you give it to another person after receiving it yourself.",pass on,pass on,"pass on | If you pass something on, you give it to another person after receiving it yourself."
pass out (1),to give something to each person in a group,pass out (1),pass out,pass out | to give something to each person in a group
pass out (2),to lose consciousness all of a sudden,pass out (2),pass out,pass out | to lose consciousness all of a sudden
pass over,"If someone is passed over, they aren't given the promotion they were expecting, and the position is given to someone else instead.",pass over,pass over,"pass over | If someone is passed over, they aren't given the promotion they were expecting, and the position is given to someone else instead."
pass up INFORMAL,"If you pass up an opportunity or an invitation, you choose not to take the opportunity or accept the invitation.",pass up,pass up,"pass up | If you pass up an opportunity or an invitation, you choose not to take the opportunity or accept the invitation."
pat down,"to check that somebody isn't carrying a prohibited item, such as a gun, by patting different parts of their body",pat down,pat down,"pat down | to check that somebody isn't carrying a prohibited item, such as a gun, by patting different parts of their body"
patch up (1),to fix something quickly so it can be used until it's repaired properly or replaced,patch up (1),patch up,patch up | to fix something quickly so it can be used until it's repaired properly or replaced
patch up (2),to mend ties or repair a relationship after a disagreement or a dispute,patch up (2),patch up,patch up | to mend ties or repair a relationship after a disagreement or a dispute
pay back (1),"If you pay someone back, you return money that you borrowed from them in the past.",pay back (1),pay back,"pay back | If you pay someone back, you return money that you borrowed from them in the past."
pay back (2),"If you pay someone back for doing something bad to you, you do something bad to them in return.",pay back (2),pay back,"pay back | If you pay someone back for doing something bad to you, you do something bad to them in return."
pay off (1),"If you pay off a loan, you pay it back in installments over a period of time.",pay off (1),pay off,"pay off | If you pay off a loan, you pay it back in installments over a period of time."
pay off (2),"If something you do pays off, it ends up giving you some benefit or a good result.",pay off (2),pay off,"pay off | If something you do pays off, it ends up giving you some benefit or a good result."
pay out,"to pay a sum of money to somebody, especially a large sum",pay out,pay out,"pay out | to pay a sum of money to somebody, especially a large sum"
pay up,"If somebody pays up, they pay money they owe to someone even though they don't really want to.",pay up,pay up,"pay up | If somebody pays up, they pay money they owe to someone even though they don't really want to."
pick on,"If you pick on someone, you repeatedly treat them badly or criticize them.",pick on,pick on,"pick on | If you pick on someone, you repeatedly treat them badly or criticize them."
pick out,"If you pick out something, you choose or select it.",pick out,pick out,"pick out | If you pick out something, you choose or select it."
pick up (1),"If you pick up something, you take hold of it and lift it up.",pick up (1),pick up,"pick up | If you pick up something, you take hold of it and lift it up."
pick up (2),"If you pick someone up, you meet them somewhere in order to give them a lift somewhere else.",pick up (2),pick up,"pick up | If you pick someone up, you meet them somewhere in order to give them a lift somewhere else."
piss about INFORMAL,to waste time or act in a stupid way,piss about,piss about,piss about | to waste time or act in a stupid way
piss off,"If someone pisses you off, they annoy you.",piss off,piss off,"piss off | If someone pisses you off, they annoy you."
play around (1),to waste time by being silly or stupid,play around (1),play around,play around | to waste time by being silly or stupid
play around (2) INFORMAL,to have sex with someone other than one's spouse or partner,play around (2),play around,play around | to have sex with someone other than one's spouse or partner
play back,"to play something that's just been recorded, such as a video, a message, or some music",play back,play back,"play back | to play something that's just been recorded, such as a video, a message, or some music"
play down,to try to make something seem less important or less damaging than it really is,play down,play down,play down | to try to make something seem less important or less damaging than it really is
play up (1) INFORMAL,"If something is playing up, it isn't working properly or it's causing problems.",play up (1),play up,"play up | If something is playing up, it isn't working properly or it's causing problems."
play up (2),"to try to make something seem better, or more important, than it really is",play up (2),play up,"play up | to try to make something seem better, or more important, than it really is"
point out,to tell someone something you think they should know,point out,point out,point out | to tell someone something you think they should know
pour in,to arrive at or enter a place in great numbers and with great speed or force,pour in,pour in,pour in | to arrive at or enter a place in great numbers and with great speed or force
pour out,to leave a place in large numbers,pour out,pour out,pour out | to leave a place in large numbers
print off,to print a number of copies of something,print off,print off,print off | to print a number of copies of something
print out,to make a printed copy of a document,print out,print out,print out | to make a printed copy of a document
pull back,"If an army pulls back, it moves its forces back from the front-line or from wherever it's been fighting the enemy.",pull back,pull back,"pull back | If an army pulls back, it moves its forces back from the front-line or from wherever it's been fighting the enemy."
pull down (1),"to destroy a building or structure because it is old, dangerous, or no longer wanted",pull down (1),pull down,"pull down | to destroy a building or structure because it is old, dangerous, or no longer wanted"
pull down (2),to lower one's pants or trousers,pull down (2),pull down,pull down | to lower one's pants or trousers
pull in,"If a train, a truck or a car pulls in, it arrives somewhere.",pull in,pull in,"pull in | If a train, a truck or a car pulls in, it arrives somewhere."
pull off,to succeed in doing something difficult,pull off,pull off,pull off | to succeed in doing something difficult
pull on,"to put an item of clothing on, usually in a hurry",pull on,pull on,"pull on | to put an item of clothing on, usually in a hurry"
pull out (1),"If you pull out of something you're participating in, like a competition or a deal, you stop participating.",pull out (1),pull out,"pull out | If you pull out of something you're participating in, like a competition or a deal, you stop participating."
pull out (2),"to move your car from a parking spot or a side street into a traffic lane, or to move out from one traffic lane to join another",pull out (2),pull out,"pull out | to move your car from a parking spot or a side street into a traffic lane, or to move out from one traffic lane to join another"
pull over,"If you're driving a car and you pull over, you move over to the side of the road and stop.",pull over,pull over,"pull over | If you're driving a car and you pull over, you move over to the side of the road and stop."
pull through,to recover from a serious illness or injury,pull through,pull through,pull through | to recover from a serious illness or injury
pull up (1),"to pull something out of the ground, such as a plant, a stake, or a fence post",pull up (1),pull up,"pull up | to pull something out of the ground, such as a plant, a stake, or a fence post"
pull up (2),"If a vehicle such as a car or a taxi pulls up, it stops.",pull up (2),pull up,"pull up | If a vehicle such as a car or a taxi pulls up, it stops."
put aside (1),"to save or reserve something, like time, money, food, etc., for a particular purpose, or for use in the future",put aside (1),put aside,"put aside | to save or reserve something, like time, money, food, etc., for a particular purpose, or for use in the future"
put aside (2),to ignore a disagreement or a problem you have with someone so you can work together on something,put aside (2),put aside,put aside | to ignore a disagreement or a problem you have with someone so you can work together on something
put away (1),"If you put something away, you put it where it's usually kept when it's not being used.",put away (1),put away,"put away | If you put something away, you put it where it's usually kept when it's not being used."
put away (2),"If you put something away, you put it somewhere safe and keep it for the future.",put away (2),put away,"put away | If you put something away, you put it somewhere safe and keep it for the future."
put back (1),"If you put something back, you return it to the place it was before you took it.",put back (1),put back,"put back | If you put something back, you return it to the place it was before you took it."
put back (2),to change the time or date of something to a later time,put back (2),put back,put back | to change the time or date of something to a later time
put down (1),to stop carrying something or someone,put down (1),put down,put down | to stop carrying something or someone
put down (2),"to put a sick or injured animal to death, usually by lethal injection",put down (2),put down,"put down | to put a sick or injured animal to death, usually by lethal injection"
put forward (1),"to offer an idea, an opinion, a suggestion, etc. for other people to consider",put forward (1),put forward,"put forward | to offer an idea, an opinion, a suggestion, etc. for other people to consider"
put forward (2),"to change the date or time of an event, an appointment, a meeting, etc. so that it happens earlier than originally planned",put forward (2),put forward,"put forward | to change the date or time of an event, an appointment, a meeting, etc. so that it happens earlier than originally planned"
put in (1),to spend a certain amount of time and effort on doing something,put in (1),put in,put in | to spend a certain amount of time and effort on doing something
put in (2),"to install a large piece of equipment into a room, a home or a building",put in (2),put in,"put in | to install a large piece of equipment into a room, a home or a building"
put off,"If you put something off, you change the time it's meant to happen to a later time or date.",put off,put off,"put off | If you put something off, you change the time it's meant to happen to a later time or date."
put on (1),"to start wearing an item of clothing, a pair of shoes, a piece of jewellery, a pair of glasses, etc.",put on (1),put on,"put on | to start wearing an item of clothing, a pair of shoes, a piece of jewellery, a pair of glasses, etc."
put on (2),to make an appliance or a piece of equipment start to function,put on (2),put on,put on | to make an appliance or a piece of equipment start to function
put on (3),"to present an event such as a concert, a seminar, a sporting tournament, etc.",put on (3),put on,"put on | to present an event such as a concert, a seminar, a sporting tournament, etc."
put on (4),"If you put on weight, or put on pounds or kilos, you become heavier.",put on (4),put on,"put on | If you put on weight, or put on pounds or kilos, you become heavier."
put out (1),to stop something from burning,put out (1),put out,put out | to stop something from burning
put out (2),"If you put somebody out, you inconvenience them by asking them to help you or do something for you.",put out (2),put out,"put out | If you put somebody out, you inconvenience them by asking them to help you or do something for you."
put over,to communicate something like an idea or an opinion,put over,put over,put over | to communicate something like an idea or an opinion
put through (1),to make someone suffer a difficult or painful experience,put through (1),put through,put through | to make someone suffer a difficult or painful experience
put through (2),"to pay for someone's education through school, college, university, etc.",put through (2),put through,"put through | to pay for someone's education through school, college, university, etc."
put together (1),to assemble something by joining its parts or pieces,put together (1),put together,put together | to assemble something by joining its parts or pieces
put together (2),to select several things and combine them to create something,put together (2),put together,put together | to select several things and combine them to create something
put up (1),"to increase something, such as the price, cost or value of something",put up (1),put up,"put up | to increase something, such as the price, cost or value of something"
put up (2),to fix a notice or a picture onto an upright surface such as a wall or a noticeboard,put up (2),put up,put up | to fix a notice or a picture onto an upright surface such as a wall or a noticeboard
put up with,"If you put up with something, you accept it even though you don't like it.",put up with,put up with,"put up with | If you put up with something, you accept it even though you don't like it."
quarrel with,"to disagree about something, or to believe something is untrue or incorrect",quarrel with,quarrel with,"quarrel with | to disagree about something, or to believe something is untrue or incorrect"
queue up,"If you queue up, you join a line of people waiting for their turn to do something.",queue up,queue up,"queue up | If you queue up, you join a line of people waiting for their turn to do something."
quieten down,"If someone quietens down, they become calmer and less excited.",quieten down,quieten down,"quieten down | If someone quietens down, they become calmer and less excited."
rake in INFORMAL,to make a lot of money,rake in,rake in,rake in | to make a lot of money
rally round INFORMAL,"If people rally round someone in need, they all do what they can to help the person.",rally round,rally round,"rally round | If people rally round someone in need, they all do what they can to help the person."
reach out,to extend your arm in order to touch or take something with your hand,reach out,reach out,reach out | to extend your arm in order to touch or take something with your hand
reach out to (1),to offer help to someone in need,reach out to (1),reach out to,reach out to | to offer help to someone in need
reach out to (2),to ask someone for help when you have a problem,reach out to (2),reach out to,reach out to | to ask someone for help when you have a problem
read into,to believe you've found more meaning in what someone says or does than others have found,read into,read into,read into | to believe you've found more meaning in what someone says or does than others have found
read out,"if you read something out, you read it aloud so everyone can hear it.",read out,read out,"read out | if you read something out, you read it aloud so everyone can hear it."
read up on,"If you read up on something, you read books about it, or find articles and information on the internet about it.",read up on,read up on,"read up on | If you read up on something, you read books about it, or find articles and information on the internet about it."
refer to (1),"to look at something like a book, a map, or a website, in order to get information about something",refer to (1),refer to,"refer to | to look at something like a book, a map, or a website, in order to get information about something"
refer to (2),"to direct someone to a place or a person for information, help or treatment",refer to (2),refer to,"refer to | to direct someone to a place or a person for information, help or treatment"
reflect on,to think deeply about something,reflect on,reflect on,reflect on | to think deeply about something
rely on,"If you rely on something, you need it in order to do something.",rely on,rely on,"rely on | If you rely on something, you need it in order to do something."
remind of,"If something reminds you of something else, it makes you think of it.",remind of,remind of,"remind of | If something reminds you of something else, it makes you think of it."
resign yourself to,"If you resign yourself to something, you accept that it's true and that there's nothing you can do to change it.",resign yourself to,resign yourself to,"resign yourself to | If you resign yourself to something, you accept that it's true and that there's nothing you can do to change it."
resort to,to do something you'd rather not do only because better options or solutions are not possible,resort to,resort to,resort to | to do something you'd rather not do only because better options or solutions are not possible
result in,to lead to a certain outcome or to produce something,result in,result in,result in | to lead to a certain outcome or to produce something
return to,to go back to,return to,return to,return to | to go back to
revert to,"to go back to a previous way of behaving, or an old way of doing things",revert to,revert to,"revert to | to go back to a previous way of behaving, or an old way of doing things"
ring back,to return a telephone call or to call again later,ring back,ring back,ring back | to return a telephone call or to call again later
ring up,to call someone on a telephone,ring up,ring up,ring up | to call someone on a telephone
rip off INFORMAL,to cheat somebody by charging them too much for something,rip off,rip off,rip off | to cheat somebody by charging them too much for something
roll out,to introduce a new line of products or services,roll out,roll out,roll out | to introduce a new line of products or services
roll over,"to change position when you're lying down so that you're on your back if you were face down, or face down if you were on your back",roll over,roll over,"roll over | to change position when you're lying down so that you're on your back if you were face down, or face down if you were on your back"
roll up,"If you roll up a piece of paper, you fold or roll it in such a way that it becomes a cylinder or a ball.",roll up,roll up,"roll up | If you roll up a piece of paper, you fold or roll it in such a way that it becomes a cylinder or a ball."
root out,"to uncover and punish criminals, especially those abusing positions of trust or authority",root out,root out,"root out | to uncover and punish criminals, especially those abusing positions of trust or authority"
rope in INFORMAL,"If somebody ropes you in, they persuade you to do something you don't really want to do.",rope in,rope in,"rope in | If somebody ropes you in, they persuade you to do something you don't really want to do."
rough up INFORMAL,"to physically attack someone, usually to intimidate or make them afraid rather than to seriously hurt them",rough up,rough up,"rough up | to physically attack someone, usually to intimidate or make them afraid rather than to seriously hurt them"
round down,"If you round a number or an amount down to a certain level such as a whole number or the nearest dollar, you bring it down to that level.",round down,round down,"round down | If you round a number or an amount down to a certain level such as a whole number or the nearest dollar, you bring it down to that level."
round up,"If you round a number or an amount up to a certain level such as a whole number or the nearest dollar, you bring it up to that level.",round up,round up,"round up | If you round a number or an amount up to a certain level such as a whole number or the nearest dollar, you bring it up to that level."
rub off,"If a quality someone has rubs off on other people, they start to show that quality as well.",rub off,rub off,"rub off | If a quality someone has rubs off on other people, they start to show that quality as well."
rub out (1),to erase something that's been written or drawn,rub out (1),rub out,rub out | to erase something that's been written or drawn
rub out (2) INFORMAL,to kill somebody,rub out (2),rub out,rub out | to kill somebody
rule out,"If you rule something out, you don't think it's possible.",rule out,rule out,"rule out | If you rule something out, you don't think it's possible."
run across,"to meet somebody by chance, or to find something by chance",run across,run across,"run across | to meet somebody by chance, or to find something by chance"
run after,"If you run after someone, you chase them and try to catch up with them by running.",run after,run after,"run after | If you run after someone, you chase them and try to catch up with them by running."
run against,to compete with someone in an election,run against,run against,run against | to compete with someone in an election
run away (1),"If you run away from something or someone, you run as fast as you can to escape.",run away (1),run away,"run away | If you run away from something or someone, you run as fast as you can to escape."
run away (2),"If children or teenagers run away, they leave home without telling their parents or guardians.",run away (2),run away,"run away | If children or teenagers run away, they leave home without telling their parents or guardians."
run away from,to try to avoid problems or difficult situations,run away from,run away from,run away from | to try to avoid problems or difficult situations
run by,"If you run your ideas or your thoughts by someone, you ask them what they think of them.",run by,run by,"run by | If you run your ideas or your thoughts by someone, you ask them what they think of them."
run down (1),to hit somebody with a vehicle such as car or a truck,run down (1),run down,run down | to hit somebody with a vehicle such as car or a truck
run down (2),"If you run somebody down, you criticize them and tell them they're no good.",run down (2),run down,"run down | If you run somebody down, you criticize them and tell them they're no good."
run into (1),"If you run into someone, you meet them by chance, or without expecting to.",run into (1),run into,"run into | If you run into someone, you meet them by chance, or without expecting to."
run into (2),"If you run into something, you accidentally hit it while you are driving.",run into (2),run into,"run into | If you run into something, you accidentally hit it while you are driving."
run off with,"If you run off with somebody, you leave home secretly in order to be with them.",run off with,run off with,"run off with | If you run off with somebody, you leave home secretly in order to be with them."
run on (1),to use a particular type of fuel or a particular power source,run on (1),run on,run on | to use a particular type of fuel or a particular power source
run on (2),to continue for longer than expected,run on (2),run on,run on | to continue for longer than expected
run out (of),"If you run out of something, you don't have any left and you need some more.",run out (of),run out (of),"run out (of) | If you run out of something, you don't have any left and you need some more."
run out on,to suddenly leave the person you're in a relationship with,run out on,run out on,run out on | to suddenly leave the person you're in a relationship with
run over,"If you run over something or someone, you hit them or go over them while driving your car.",run over,run over,"run over | If you run over something or someone, you hit them or go over them while driving your car."
run through,to quickly read something like a list or a speech in order to check the details or look for mistakes,run through,run through,run through | to quickly read something like a list or a speech in order to check the details or look for mistakes
run to,to ask someone to help or protect you when you should be able to look after yourself,run to,run to,run to | to ask someone to help or protect you when you should be able to look after yourself
run up,"If you run up a bill or a debt, you get goods or services on the understanding that you'll pay for them later.",run up,run up,"run up | If you run up a bill or a debt, you get goods or services on the understanding that you'll pay for them later."
run up against,to face something that could be a problem or a difficulty,run up against,run up against,run up against | to face something that could be a problem or a difficulty
rush into,to do something quickly and without thinking about it carefully first,rush into,rush into,rush into | to do something quickly and without thinking about it carefully first
rush off,to leave soon after arriving or to leave suddenly,rush off,rush off,rush off | to leave soon after arriving or to leave suddenly
save up,to put something aside for the future,save up,save up,save up | to put something aside for the future
screw up INFORMAL,"If you screw something up, you ruin it or you do it the wrong way.",screw up,screw up,"screw up | If you screw something up, you ruin it or you do it the wrong way."
seal off,"to stop people from going into an area or a building, often because it isn't safe",seal off,seal off,"seal off | to stop people from going into an area or a building, often because it isn't safe"
see about,"If you see about something, you make an effort to arrange it or organise it.",see about,see about,"see about | If you see about something, you make an effort to arrange it or organise it."
see off,"If you see somebody off, you go to the place from where they're beginning a journey, like an airport or a railway station, and wish them well as they leave.",see off,see off,"see off | If you see somebody off, you go to the place from where they're beginning a journey, like an airport or a railway station, and wish them well as they leave."
see out (1),"If you see someone out, you accompany them out of a room or a building when they're leaving.",see out (1),see out,"see out | If you see someone out, you accompany them out of a room or a building when they're leaving."
see out (2),to continue until the end of a particular period of time or until the end of a contract or an activity,see out (2),see out,see out | to continue until the end of a particular period of time or until the end of a contract or an activity
see through (1),"If you see through something or someone, you realize that you are being deceived or tricked, and you aren't fooled.",see through (1),see through,"see through | If you see through something or someone, you realize that you are being deceived or tricked, and you aren't fooled."
see through (2),"If you see something through, you continue with it right to the end.",see through (2),see through,"see through | If you see something through, you continue with it right to the end."
see to,"If you see to something, you take responsibility for it and make sure it's done.",see to,see to,"see to | If you see to something, you take responsibility for it and make sure it's done."
sell off,"to sell assets or belongings, often for a low price because you need money quickly",sell off,sell off,"sell off | to sell assets or belongings, often for a low price because you need money quickly"
sell out,"to sell all the stock of something, and have none left",sell out,sell out,"sell out | to sell all the stock of something, and have none left"
send back,"If you send back something that's been delivered to you, you return it because there's a problem with it.",send back,send back,"send back | If you send back something that's been delivered to you, you return it because there's a problem with it."
send for,"to ask for someone to come to you, or to ask for something to be sent to you",send for,send for,"send for | to ask for someone to come to you, or to ask for something to be sent to you"
send off (1),"If you send something off, you post it or send it by a courier service.",send off (1),send off,"send off | If you send something off, you post it or send it by a courier service."
send off (2),"If a referee or an umpire sends off a player, the player has to leave the field or court because they've done something wrong.",send off (2),send off,"send off | If a referee or an umpire sends off a player, the player has to leave the field or court because they've done something wrong."
set about,to begin doing something that will probably take a lot of effort or a long time,set about,set about,set about | to begin doing something that will probably take a lot of effort or a long time
set aside,to keep a portion of something for use in the future,set aside,set aside,set aside | to keep a portion of something for use in the future
set back (1),"to make something happen more slowly, or at a later time, than it would have",set back (1),set back,"set back | to make something happen more slowly, or at a later time, than it would have"
set back (2) INFORMAL,"If something has set you back fifty dollars, it has cost you fifty dollars.",set back (2),set back,"set back | If something has set you back fifty dollars, it has cost you fifty dollars."
set down,"If you set something down, you put it in writing.",set down,set down,"set down | If you set something down, you put it in writing."
set off (1),to begin a journey,set off (1),set off,set off | to begin a journey
set off (2),to make something explode or blow up,set off (2),set off,set off | to make something explode or blow up
set out (1),to begin doing something with a definite objective or aim in mind,set out (1),set out,set out | to begin doing something with a definite objective or aim in mind
set out (2),to begin a journey,set out (2),set out,set out | to begin a journey
set out (3),"to explain the details of something, especially in writing",set out (3),set out,"set out | to explain the details of something, especially in writing"
set up (1),"to start a company, a foundation, or an organization of some sort",set up (1),set up,"set up | to start a company, a foundation, or an organization of some sort"
set up (2),to put together or arrange the parts of something before using it,set up (2),set up,set up | to put together or arrange the parts of something before using it
set up (3),to make the necessary arrangements for an event or activity,set up (3),set up,set up | to make the necessary arrangements for an event or activity
settle down (1),"to become calm and quiet, especially after being excited or noisy",settle down (1),settle down,"settle down | to become calm and quiet, especially after being excited or noisy"
settle down (2),"to start living a conventional life with a steady job and a stable partner, especially after getting married",settle down (2),settle down,"settle down | to start living a conventional life with a steady job and a stable partner, especially after getting married"
settle for,"to accept something, even though it isn't what you really want",settle for,settle for,"settle for | to accept something, even though it isn't what you really want"
settle in,"to begin to feel comfortable in a new situation, such as a new home, a new job, or a new school",settle in,settle in,"settle in | to begin to feel comfortable in a new situation, such as a new home, a new job, or a new school"
shake off,"to get rid of something that's causing you problems, such as a sickness, a fear, a bad image, a bad reputation, etc.",shake off,shake off,"shake off | to get rid of something that's causing you problems, such as a sickness, a fear, a bad image, a bad reputation, etc."
shake up (1),"to make big changes to an organisation and the way it's run, usually to improve it",shake up (1),shake up,"shake up | to make big changes to an organisation and the way it's run, usually to improve it"
shake up (2),to upset or shock someone,shake up (2),shake up,shake up | to upset or shock someone
shoot up INFORMAL,"to quickly increase in size, number or level",shoot up,shoot up,"shoot up | to quickly increase in size, number or level"
shop around,"If you shop around, you go to several shops to find the lowest price for something you want.",shop around,shop around,"shop around | If you shop around, you go to several shops to find the lowest price for something you want."
show off,"to do something to get attention or admiration, but in a way that annoys some people",show off,show off,"show off | to do something to get attention or admiration, but in a way that annoys some people"
show up INFORMAL,to arrive at an event or a place where people are gathering,show up,show up,show up | to arrive at an event or a place where people are gathering
shut down,"to close something like a factory, school or hospital, usually forever",shut down,shut down,"shut down | to close something like a factory, school or hospital, usually forever"
shut off,"If a machine, a system or a supply shuts off, or is shut off by someone, it stops.",shut off,shut off,"shut off | If a machine, a system or a supply shuts off, or is shut off by someone, it stops."
shut out (1),to stop someone or something from entering a room or a building,shut out (1),shut out,shut out | to stop someone or something from entering a room or a building
shut out (2),to stop yourself thinking about or feeling something that upsets you or hurts you,shut out (2),shut out,shut out | to stop yourself thinking about or feeling something that upsets you or hurts you
shut up INFORMAL,to stop talking or stop making noise,shut up,shut up,shut up | to stop talking or stop making noise
sign in,"to sign a register when you visit a place, or to log in when you visit a website",sign in,sign in,"sign in | to sign a register when you visit a place, or to log in when you visit a website"
sign up,"If you sign up to something like a website or a gym, you become a member.",sign up,sign up,"sign up | If you sign up to something like a website or a gym, you become a member."
sit back,to do nothing instead of making an effort to get what you want,sit back,sit back,sit back | to do nothing instead of making an effort to get what you want
sit down,to lower yourself into a sitting position on a seat or on the ground,sit down,sit down,sit down | to lower yourself into a sitting position on a seat or on the ground
sit in for,to take someone's place when they are absent,sit in for,sit in for,sit in for | to take someone's place when they are absent
sit in on,"If you sit in on something like a meeting or a class, you attend to see what happens, without joining in.",sit in on,sit in on,"sit in on | If you sit in on something like a meeting or a class, you attend to see what happens, without joining in."
sit through,"If you sit through something like a long speech or a boring show, you wait until it's over before leaving, even though you're not enjoying it.",sit through,sit through,"sit through | If you sit through something like a long speech or a boring show, you wait until it's over before leaving, even though you're not enjoying it."
sit up (1),"If you sit up, you get up into a sitting position after you've been lying down.",sit up (1),sit up,"sit up | If you sit up, you get up into a sitting position after you've been lying down."
sit up (2),to not go to bed until later than usual,sit up (2),sit up,sit up | to not go to bed until later than usual
size up,to observe carefully and then form an opinion about a person or a situation,size up,size up,size up | to observe carefully and then form an opinion about a person or a situation
sleep together INFORMAL,to have sex together,sleep together,sleep together,sleep together | to have sex together
sleep with INFORMAL,to have sex with someone,sleep with,sleep with,sleep with | to have sex with someone
slip up INFORMAL,"to make a small mistake, usually because of carelessness",slip up,slip up,"slip up | to make a small mistake, usually because of carelessness"
slow down,"to become slower, or to make someone or something go slower",slow down,slow down,"slow down | to become slower, or to make someone or something go slower"
smell of,to have a particular smell,smell of,smell of,smell of | to have a particular smell
snap up,to get something quickly so you don't miss out,snap up,snap up,snap up | to get something quickly so you don't miss out
sober up,to become sober again after drinking too much alcohol,sober up,sober up,sober up | to become sober again after drinking too much alcohol
sort out (1),"If you sort things out, you arrange them into some sort of order.",sort out (1),sort out,"sort out | If you sort things out, you arrange them into some sort of order."
sort out (2),"If you sort something out, you make arrangements for it or you organize it.",sort out (2),sort out,"sort out | If you sort something out, you make arrangements for it or you organize it."
speak out,"If you speak out, you publicly state your position on an issue, or publicly oppose or defend someone or something.",speak out,speak out,"speak out | If you speak out, you publicly state your position on an issue, or publicly oppose or defend someone or something."
speak up (1),to speak louder,speak up (1),speak up,speak up | to speak louder
speak up (2),"If you speak up, you publicly state your position on an issue, or publicly oppose or defend someone or something.",speak up (2),speak up,"speak up | If you speak up, you publicly state your position on an issue, or publicly oppose or defend someone or something."
speed up,"to move faster, or to increase the speed of something",speed up,speed up,"speed up | to move faster, or to increase the speed of something"
spell out,"If you spell something out, you explain it slowly and very clearly so that everyone can understand.",spell out,spell out,"spell out | If you spell something out, you explain it slowly and very clearly so that everyone can understand."
spread out,"If a group of people spread out, they move apart so that there's more space between them.",spread out,spread out,"spread out | If a group of people spread out, they move apart so that there's more space between them."
stamp out,to stop something bad or harmful by taking strong action against it,stamp out,stamp out,stamp out | to stop something bad or harmful by taking strong action against it
stand by (1),"If you're standing by, you're ready to do something or help somebody.",stand by (1),stand by,"stand by | If you're standing by, you're ready to do something or help somebody."
stand by (2),"If you stand by someone, you support them or help them if they're in some sort of trouble.",stand by (2),stand by,"stand by | If you stand by someone, you support them or help them if they're in some sort of trouble."
stand by (3),to do nothing to stop something wrong or something bad from happening,stand by (3),stand by,stand by | to do nothing to stop something wrong or something bad from happening
stand down,to resign or retire from a job or a position,stand down,stand down,stand down | to resign or retire from a job or a position
stand for (1),"If letters or symbols stand for something, they represent that thing.",stand for (1),stand for,"stand for | If letters or symbols stand for something, they represent that thing."
stand for (2),"If a person or an organisation stands for certain ideals or principles, they believe in and support those ideals or principles.",stand for (2),stand for,"stand for | If a person or an organisation stands for certain ideals or principles, they believe in and support those ideals or principles."
stand for (3),"If you won't stand for something, you won't accept it or allow it to happen.",stand for (3),stand for,"stand for | If you won't stand for something, you won't accept it or allow it to happen."
stand out,"If somebody stands out, they are easy to see because there is something unusual about the way they look or the way they behave.",stand out,stand out,"stand out | If somebody stands out, they are easy to see because there is something unusual about the way they look or the way they behave."
stand up,to get to your feet from a lying or sitting position,stand up,stand up,stand up | to get to your feet from a lying or sitting position
stand up for,to defend an idea or a person against criticism or attack,stand up for,stand up for,stand up for | to defend an idea or a person against criticism or attack
start off,to begin in a particular way or with a particular act,start off,start off,start off | to begin in a particular way or with a particular act
start out,to begin a life or a career in a particular way,start out,start out,start out | to begin a life or a career in a particular way
start up,"to create and run an organization such as a business, a club, a band, etc.",start up,start up,"start up | to create and run an organization such as a business, a club, a band, etc."
stay away from,"If you stay away from something or someone, you don't go near the thing or the person.",stay away from,stay away from,"stay away from | If you stay away from something or someone, you don't go near the thing or the person."
stay up,"If you stay up, you don't go to bed at the usual time.",stay up,stay up,"stay up | If you stay up, you don't go to bed at the usual time."
step down,to resign from a job or a position,step down,step down,step down | to resign from a job or a position
step up,to increase the level or strength of something,step up,step up,step up | to increase the level or strength of something
stick at INFORMAL,"If you stick at something, you continue to do it even if it's difficult or it's taking a long time.",stick at,stick at,"stick at | If you stick at something, you continue to do it even if it's difficult or it's taking a long time."
stick out (1),"If something sticks out, it comes out beyond the edge or the end of something.",stick out (1),stick out,"stick out | If something sticks out, it comes out beyond the edge or the end of something."
stick out (2),to move part of your body out and away from the rest of your body,stick out (2),stick out,stick out | to move part of your body out and away from the rest of your body
stick to (1),"If you stick to something, you don't stop doing it or you don't stop trying to do it.",stick to (1),stick to,"stick to | If you stick to something, you don't stop doing it or you don't stop trying to do it."
stick to (2),"If you stick to something like a political party, a sporting club, a job, or even a favorite food or colour, you don't change to another one.",stick to (2),stick to,"stick to | If you stick to something like a political party, a sporting club, a job, or even a favorite food or colour, you don't change to another one."
stick up for INFORMAL,"If you stick up for someone who's being criticized or attacked verbally, you defend or support them.",stick up for,stick up for,"stick up for | If you stick up for someone who's being criticized or attacked verbally, you defend or support them."
stick with INFORMAL,"to continue with the same thing, instead of changing to something else",stick with,stick with,"stick with | to continue with the same thing, instead of changing to something else"
stir up,to cause trouble among people or to cause bad feelings to arise,stir up,stir up,stir up | to cause trouble among people or to cause bad feelings to arise
stop over,to stop at a place and stay there for one or two days while on your way to somewhere else,stop over,stop over,stop over | to stop at a place and stay there for one or two days while on your way to somewhere else
storm out,to leave a place quickly when you are angry or upset about something,storm out,storm out,storm out | to leave a place quickly when you are angry or upset about something
sum up,"If you sum up something, you give a quick summary of it.",sum up,sum up,"sum up | If you sum up something, you give a quick summary of it."
switch off,to turn something off with a switch,switch off,switch off,switch off | to turn something off with a switch
switch on,to turn something on with a switch,switch on,switch on,switch on | to turn something on with a switch
tail off,to gradually become less in amount or lower in level,tail off,tail off,tail off | to gradually become less in amount or lower in level
take after,"If you take after an older member of your family, you look like them or you have a similar personality to them.",take after,take after,"take after | If you take after an older member of your family, you look like them or you have a similar personality to them."
take apart,"If you take apart something, you separate it into the pieces it's made of.",take apart,take apart,"take apart | If you take apart something, you separate it into the pieces it's made of."
take away,"If you take something away, you take it somewhere else.",take away,take away,"take away | If you take something away, you take it somewhere else."
take back (1),"If you take something back, you return it to the place you got it from, or return it to the shop you bought it from.",take back (1),take back,"take back | If you take something back, you return it to the place you got it from, or return it to the shop you bought it from."
take back (2),"If a store takes back something they've sold, they allow the buyer to return it for a refund, or exchange it.",take back (2),take back,"take back | If a store takes back something they've sold, they allow the buyer to return it for a refund, or exchange it."
take back (3) INFORMAL,"If you take back something you said, you admit that you said the wrong thing and withdraw your comments.",take back (3),take back,"take back | If you take back something you said, you admit that you said the wrong thing and withdraw your comments."
take down (1),"If you take down a large structure, you dismantle it, or separate it into the parts from which it was assembled.",take down (1),take down,"take down | If you take down a large structure, you dismantle it, or separate it into the parts from which it was assembled."
take down (2),"to remove something that's fixed to a wall, like a picture or a poster",take down (2),take down,"take down | to remove something that's fixed to a wall, like a picture or a poster"
take in (1),to include something,take in (1),take in,take in | to include something
take in (2),to fully understand something you hear or read,take in (2),take in,take in | to fully understand something you hear or read
take off (1),"to remove a piece of clothing, or the top of a container",take off (1),take off,"take off | to remove a piece of clothing, or the top of a container"
take off (2),"If a plane takes off, it leaves the ground and rises into the sky.",take off (2),take off,"take off | If a plane takes off, it leaves the ground and rises into the sky."
take off (3),to have a period of time away from work,take off (3),take off,take off | to have a period of time away from work
take off (4),to become popular or successful in a short time,take off (4),take off,take off | to become popular or successful in a short time
take on (1),"If you take on something like a job, a responsibility, or anything involving a challenge, you agree to do it.",take on (1),take on,"take on | If you take on something like a job, a responsibility, or anything involving a challenge, you agree to do it."
take on (2),to give someone a job,take on (2),take on,take on | to give someone a job
take on (3),"to fight, or compete against, someone or something",take on (3),take on,"take on | to fight, or compete against, someone or something"
take out (1),"If you take somebody out, you invite them to go out with you, usually for a meal or entertainment.",take out (1),take out,"take out | If you take somebody out, you invite them to go out with you, usually for a meal or entertainment."
take out (2),"to remove something from a container, a pocket, a bag, etc.",take out (2),take out,"take out | to remove something from a container, a pocket, a bag, etc."
take out (3),"to obtain something like a loan, an insurance policy, a patent, etc.",take out (3),take out,"take out | to obtain something like a loan, an insurance policy, a patent, etc."
take over (1),"to take control of something like a company, an organization, a government, or a territory",take over (1),take over,"take over | to take control of something like a company, an organization, a government, or a territory"
take over (2),to begin doing a job or a task that someone else had been doing previously,take over (2),take over,take over | to begin doing a job or a task that someone else had been doing previously
take up (1),to fill an area of space or a period of time,take up (1),take up,take up | to fill an area of space or a period of time
take up (2),"to start doing something new like playing a sport, doing a job, or pursuing a hobby",take up (2),take up,"take up | to start doing something new like playing a sport, doing a job, or pursuing a hobby"
take up (3),to shorten a piece of clothing or a curtain to make it the right size,take up (3),take up,take up | to shorten a piece of clothing or a curtain to make it the right size
talk back,to reply rudely to someone in a position of authority,talk back,talk back,talk back | to reply rudely to someone in a position of authority
talk down to,"If you talk down to someone, you speak to them as if they are inferior to you or less important than you.",talk down to,talk down to,"talk down to | If you talk down to someone, you speak to them as if they are inferior to you or less important than you."
talk into,"If you talk someone into doing something, you persuade them to do it.",talk into,talk into,"talk into | If you talk someone into doing something, you persuade them to do it."
talk out of,"If you talk someone out of something, you persuade them not to do it.",talk out of,talk out of,"talk out of | If you talk someone out of something, you persuade them not to do it."
talk over,"to discuss a situation with someone, usually before making a decision",talk over,talk over,"talk over | to discuss a situation with someone, usually before making a decision"
talk round,"If you talk somebody round, you persuade them to do what you want them to do, or to agree with you.",talk round,talk round,"talk round | If you talk somebody round, you persuade them to do what you want them to do, or to agree with you."
talk up,"to speak enthusiastically about something, usually in order to persuade someone to buy it or invest in it",talk up,talk up,"talk up | to speak enthusiastically about something, usually in order to persuade someone to buy it or invest in it"
tear apart,to destroy something by breaking it into two or more pieces,tear apart,tear apart,tear apart | to destroy something by breaking it into two or more pieces
tear down,to demolish a building or other structure,tear down,tear down,tear down | to demolish a building or other structure
tear up,"If you tear up a piece of paper, you tear it into several pieces.",tear up,tear up,"tear up | If you tear up a piece of paper, you tear it into several pieces."
tell apart,to tell the difference between two or more things that are very much alike,tell apart,tell apart,tell apart | to tell the difference between two or more things that are very much alike
tell off,to strongly criticize someone for doing something wrong,tell off,tell off,tell off | to strongly criticize someone for doing something wrong
think back,to think about a past event or a past time,think back,think back,think back | to think about a past event or a past time
think of (1),to have something come to mind,think of (1),think of,think of | to have something come to mind
think of (2),to have an opinion about something or someone,think of (2),think of,think of | to have an opinion about something or someone
think over,to think carefully about something before making a decision,think over,think over,think over | to think carefully about something before making a decision
think up,"to use one's imagination to come up with something like an excuse, a name, a plan, or a story",think up,think up,"think up | to use one's imagination to come up with something like an excuse, a name, a plan, or a story"
throw away,"to get rid of something you don't want, usually by putting it in a rubbish bin or a garbage can",throw away,throw away,"throw away | to get rid of something you don't want, usually by putting it in a rubbish bin or a garbage can"
throw off,to get rid of something that has been bothering you,throw off,throw off,throw off | to get rid of something that has been bothering you
throw out (1),"to discard something you don't want, usually by putting it in a rubbish bin or a garbage can",throw out (1),throw out,"throw out | to discard something you don't want, usually by putting it in a rubbish bin or a garbage can"
throw out (2),"to force somebody to leave something like a club, a college or school, an organisation, etc.",throw out (2),throw out,"throw out | to force somebody to leave something like a club, a college or school, an organisation, etc."
throw up INFORMAL,"If someone throws up, they vomit up the contents of their stomach.",throw up,throw up,"throw up | If someone throws up, they vomit up the contents of their stomach."
tidy up,to make a place look neat and tidy,tidy up,tidy up,tidy up | to make a place look neat and tidy
tie up (1),to tie together the ends of something,tie up (1),tie up,tie up | to tie together the ends of something
tie up (2),to make somebody busy with something,tie up (2),tie up,tie up | to make somebody busy with something
tie up (3),to make something or someone unavailable by committing them to something,tie up (3),tie up,tie up | to make something or someone unavailable by committing them to something
tip off,to warn someone or give someone secret information about something,tip off,tip off,tip off | to warn someone or give someone secret information about something
top up,"to completely fill something like a glass or a container, or to increase the level of something like a phone card",top up,top up,"top up | to completely fill something like a glass or a container, or to increase the level of something like a phone card"
touch on,to talk briefly about something when speaking or writing about another topic,touch on,touch on,touch on | to talk briefly about something when speaking or writing about another topic
toy with,"to think about doing something, but not very seriously",toy with,toy with,"toy with | to think about doing something, but not very seriously"
track down,to find something after a long search,track down,track down,track down | to find something after a long search
try on,to put on clothes or shoes before buying them to see if they fit properly and look good,try on,try on,try on | to put on clothes or shoes before buying them to see if they fit properly and look good
try out,"to test something to see what it's like, or to see if it works properly",try out,try out,"try out | to test something to see what it's like, or to see if it works properly"
turn around,to change something unsuccessful into something successful,turn around,turn around,turn around | to change something unsuccessful into something successful
turn away,"If someone turns you away, they don't allow you to enter a place.",turn away,turn away,"turn away | If someone turns you away, they don't allow you to enter a place."
turn back,"to return in the direction from which you've come, or to make someone do this",turn back,turn back,"turn back | to return in the direction from which you've come, or to make someone do this"
turn down (1),"to decrease or lower the volume, heat, power, etc. of an appliance by turning a knob or pressing a button",turn down (1),turn down,"turn down | to decrease or lower the volume, heat, power, etc. of an appliance by turning a knob or pressing a button"
turn down (2),"If you turn down an offer or a request, you decide not to accept it.",turn down (2),turn down,"turn down | If you turn down an offer or a request, you decide not to accept it."
turn in (1) INFORMAL,to go to bed,turn in (1),turn in,turn in | to go to bed
turn in (2),"If you turn somebody in, you tell the police that the person has committed a crime or you hand them over to the police yourself.",turn in (2),turn in,"turn in | If you turn somebody in, you tell the police that the person has committed a crime or you hand them over to the police yourself."
turn into,to change from one thing into another,turn into,turn into,turn into | to change from one thing into another
turn off,to stop a machine or an appliance from working by using a button or a switch,turn off,turn off,turn off | to stop a machine or an appliance from working by using a button or a switch
turn on,to start a machine or an appliance by pressing a button or flicking a switch,turn on,turn on,turn on | to start a machine or an appliance by pressing a button or flicking a switch
turn out (1),to make a light go off,turn out (1),turn out,turn out | to make a light go off
turn out (2),"to have a certain outcome, or to end in a certain way",turn out (2),turn out,"turn out | to have a certain outcome, or to end in a certain way"
turn over (1),to change the position of something so that the side facing down is now facing up,turn over (1),turn over,turn over | to change the position of something so that the side facing down is now facing up
turn over (2),to change your body's position when lying down so that you are facing the opposite direction,turn over (2),turn over,turn over | to change your body's position when lying down so that you are facing the opposite direction
turn up (1),"to increase the volume, heat, power, etc. of an appliance by turning a knob or pressing a button",turn up (1),turn up,"turn up | to increase the volume, heat, power, etc. of an appliance by turning a knob or pressing a button"
turn up (2),"If someone turns up somewhere, they arrive without being expected or without telling anyone they'd be coming.",turn up (2),turn up,"turn up | If someone turns up somewhere, they arrive without being expected or without telling anyone they'd be coming."
urge on,"If you urge somebody on, you encourage them to continue trying to do something.",urge on,urge on,"urge on | If you urge somebody on, you encourage them to continue trying to do something."
use up,"If you use up something, you use all of it and have none left over.",use up,use up,"use up | If you use up something, you use all of it and have none left over."
usher in,to begin a period in history or a stage in someone's life,usher in,usher in,usher in | to begin a period in history or a stage in someone's life
veg out INFORMAL,"If you veg out, you relax and take it easy.",veg out,veg out,"veg out | If you veg out, you relax and take it easy."
verge on,to be close to reaching a certain state or condition,verge on,verge on,verge on | to be close to reaching a certain state or condition
vie for,"If you vie for something, you compete with others to get it.",vie for,vie for,"vie for | If you vie for something, you compete with others to get it."
vote in,"If a person or a political party is voted in, they have won the most votes in an election.",vote in,vote in,"vote in | If a person or a political party is voted in, they have won the most votes in an election."
vote off,"If somebody is voted off something, they have to leave because not enough people voted to keep them on.",vote off,vote off,"vote off | If somebody is voted off something, they have to leave because not enough people voted to keep them on."
vouch for,"If you vouch for someone or something, you say that the person or thing can be trusted and is of good character or quality.",vouch for,vouch for,"vouch for | If you vouch for someone or something, you say that the person or thing can be trusted and is of good character or quality."
wait around,"If you have to wait around for something, you have to wait a long time for it.",wait around,wait around,"wait around | If you have to wait around for something, you have to wait a long time for it."
wait on (1),"to serve someone in a restaurant, or to act as a servant for someone and do whatever they ask you to do",wait on (1),wait on,"wait on | to serve someone in a restaurant, or to act as a servant for someone and do whatever they ask you to do"
wait on (2),"to wait for the results of something, or for information about something, before deciding what to do next",wait on (2),wait on,"wait on | to wait for the results of something, or for information about something, before deciding what to do next"
wait up,"If you wait up, you stay up late at night waiting for something or someone.",wait up,wait up,"wait up | If you wait up, you stay up late at night waiting for something or someone."
wake up,"to become conscious again after sleeping, or to make someone else become conscious after sleeping",wake up,wake up,"wake up | to become conscious again after sleeping, or to make someone else become conscious after sleeping"
walk out,to leave a relationship suddenly,walk out,walk out,walk out | to leave a relationship suddenly
ward off,to stop something that's harmful or dangerous from coming near,ward off,ward off,ward off | to stop something that's harmful or dangerous from coming near
warm up (1),to make something warmer,warm up (1),warm up,warm up | to make something warmer
warm up (2),to prepare for a sporting or artistic performance by doing exercises or practising,warm up (2),warm up,warm up | to prepare for a sporting or artistic performance by doing exercises or practising
wash away,"If something is washed away, it's carried off by the force of running water, as in a storm or a flood.",wash away,wash away,"wash away | If something is washed away, it's carried off by the force of running water, as in a storm or a flood."
wash down,to drink something soon after eating food or while swallowing pills,wash down,wash down,wash down | to drink something soon after eating food or while swallowing pills
wash out,"If an event is washed out, it's stopped because of rain.",wash out,wash out,"wash out | If an event is washed out, it's stopped because of rain."
wash up (1),"If you wash up, you wash dirty dishes and cooking utensils.",wash up (1),wash up,"wash up | If you wash up, you wash dirty dishes and cooking utensils."
wash up (2),"If you wash up, you wash your hands.",wash up (2),wash up,"wash up | If you wash up, you wash your hands."
waste away,"If you waste away, you gradually become thinner and weaker, usually because of an illness.",waste away,waste away,"waste away | If you waste away, you gradually become thinner and weaker, usually because of an illness."
watch out,"If you tell someone to watch out, you tell them to be careful or warn them of a danger.",watch out,watch out,"watch out | If you tell someone to watch out, you tell them to be careful or warn them of a danger."
watch out for,"If someone tells you to watch out for something, they're warning you about it.",watch out for,watch out for,"watch out for | If someone tells you to watch out for something, they're warning you about it."
water down (1),to add water to a drink to make it less strong if it's an alcoholic drink or less thick if it's a juice or a thick shake,water down (1),water down,water down | to add water to a drink to make it less strong if it's an alcoholic drink or less thick if it's a juice or a thick shake
water down (2),to change something like the lyrics of a song or the dialogue in a movie to make it less offensive or less likely to upset people,water down (2),water down,water down | to change something like the lyrics of a song or the dialogue in a movie to make it less offensive or less likely to upset people
wean off,to gradually break a bad habit by doing it less and less,wean off,wean off,wean off | to gradually break a bad habit by doing it less and less
wear down,to gradually make someone lose their strength and vitality,wear down,wear down,wear down | to gradually make someone lose their strength and vitality
wear in,"If you wear in something like a pair of shoes, you wear them for short periods until they fit properly and feel comfortable.",wear in,wear in,"wear in | If you wear in something like a pair of shoes, you wear them for short periods until they fit properly and feel comfortable."
wear off,"If something wears off, it gradually loses its effect.",wear off,wear off,"wear off | If something wears off, it gradually loses its effect."
wear out (1),"If something such as a shoe wears out, it gets old and damaged from being used.",wear out (1),wear out,"wear out | If something such as a shoe wears out, it gets old and damaged from being used."
wear out (2),"If something wears you out, it makes you feel tired and lacking in energy.",wear out (2),wear out,"wear out | If something wears you out, it makes you feel tired and lacking in energy."
weed out,to find and remove people or things that are not needed or wanted,weed out,weed out,weed out | to find and remove people or things that are not needed or wanted
weigh down,"If you're weighed down by problems or responsibilities, you feel stressed or unhappy because of them.",weigh down,weigh down,"weigh down | If you're weighed down by problems or responsibilities, you feel stressed or unhappy because of them."
weigh in (1),to be weighed before participating in a sport like boxing or horse-racing,weigh in (1),weigh in,weigh in | to be weighed before participating in a sport like boxing or horse-racing
weigh in (2),to join a discussion by expressing a viewpoint,weigh in (2),weigh in,weigh in | to join a discussion by expressing a viewpoint
weigh up,to consider the good and bad points before making a decision,weigh up,weigh up,weigh up | to consider the good and bad points before making a decision
whip into,"to create strong emotions like excitement or anger, usually by giving a speech or a performance of some sort",whip into,whip into,"whip into | to create strong emotions like excitement or anger, usually by giving a speech or a performance of some sort"
whip up,to create strong feelings in other people,whip up,whip up,whip up | to create strong feelings in other people
win back,"If you win something back, you get it back again after having lost it.",win back,win back,"win back | If you win something back, you get it back again after having lost it."
win over,"If you win somebody over, you get them to believe you, trust you or support you.",win over,win over,"win over | If you win somebody over, you get them to believe you, trust you or support you."
wind down,"If you wind something down, you gradually reduce it or end it.",wind down,wind down,"wind down | If you wind something down, you gradually reduce it or end it."
wind up (1),"If you wind up in a certain place or situation, you find yourself there by chance or because of unexpected events.",wind up (1),wind up,"wind up | If you wind up in a certain place or situation, you find yourself there by chance or because of unexpected events."
wind up (2),"to end something like a meeting, a lecture or a discussion",wind up (2),wind up,"wind up | to end something like a meeting, a lecture or a discussion"
wipe away,"to remove something by wiping it with a tissue, a cloth or a hand",wipe away,wipe away,"wipe away | to remove something by wiping it with a tissue, a cloth or a hand"
wipe out (1),"If something is wiped out, it is completely destroyed.",wipe out (1),wipe out,"wipe out | If something is wiped out, it is completely destroyed."
wipe out (2),to kill a large number of people or animals,wipe out (2),wipe out,wipe out | to kill a large number of people or animals
wise up INFORMAL,"If you wise up, you realize the truth in relation to something.",wise up,wise up,"wise up | If you wise up, you realize the truth in relation to something."
work at,"to try hard to achieve something, or try hard to improve your ability to do something",work at,work at,"work at | to try hard to achieve something, or try hard to improve your ability to do something"
work off,to get rid of excess weight or a negative emotion by engaging in physical activity,work off,work off,work off | to get rid of excess weight or a negative emotion by engaging in physical activity
work on,"to spend time making, fixing or improving something",work on,work on,"work on | to spend time making, fixing or improving something"
work out (1),to think about a problem or a task and find a solution or a strategy for dealing with it,work out (1),work out,work out | to think about a problem or a task and find a solution or a strategy for dealing with it
work out (2),to do physical exercise to keep fit and healthy,work out (2),work out,work out | to do physical exercise to keep fit and healthy
work out (3),to find the solution to a numerical problem,work out (3),work out,work out | to find the solution to a numerical problem
wrap up (1),"If you wrap something up, you cover it with a material like paper or cloth.",wrap up (1),wrap up,"wrap up | If you wrap something up, you cover it with a material like paper or cloth."
wrap up (2),"to finish something like a meeting or a discussion, or to conclude something like a deal or a negotiation",wrap up (2),wrap up,"wrap up | to finish something like a meeting or a discussion, or to conclude something like a deal or a negotiation"
wrestle with,to try hard to find the solution to a difficult problem,wrestle with,wrestle with,wrestle with | to try hard to find the solution to a difficult problem
write down,to write something on a piece of paper,write down,write down,write down | to write something on a piece of paper
write off (1),"to accept that a debt or loan won't be paid back, or that an investment has been lost",write off (1),write off,"write off | to accept that a debt or loan won't be paid back, or that an investment has been lost"
write off (2),to damage a vehicle so badly that it cannot be repaired,write off (2),write off,write off | to damage a vehicle so badly that it cannot be repaired
write out,to write information on an official document before giving it to someone,write out,write out,write out | to write information on an official document before giving it to someone
write up,to write a report or an article based on notes written earlier,write up,write up,write up | to write a report or an article based on notes written earlier
yank at INFORMAL,"If you yank at something, you pull it repeatedly.",yank at,yank at,"yank at | If you yank at something, you pull it repeatedly."
yearn for,to want something very much,yearn for,yearn for,yearn for | to want something very much
yell out,to shout loudly,yell out,yell out,yell out | to shout loudly
zero in on,"If you zero in on something, you focus on it or put your attention on it.",zero in on,zero in on,"zero in on | If you zero in on something, you focus on it or put your attention on it."
zip around,"If you zip around, you move quickly from place to place.",zip around,zip around,"zip around | If you zip around, you move quickly from place to place."
zip up,to do up a zipper in a piece of clothing or in a bag,zip up,zip up,zip up | to do up a zipper in a piece of clothing or in a bag
zone out INFORMAL,"If someone zones out, they look blankly ahead without paying attention, maybe because they're tired or bored or affected by drugs.",zone out,zone out,"zone out | If someone zones out, they look blankly ahead without paying attention, maybe because they're tired or bored or affected by drugs."
zonked out INFORMAL,"If you're zonked out, you're very tired and you feel like resting or going to sleep.",zonked out,zonked out,"zonked out | If you're zonked out, you're very tired and you feel like resting or going to sleep."
zoom in,"If a photographer or a camera zooms in, the image changes so that it looks as if the camera is moving closer to the object being photographed or filmed.",zoom in,zoom in,"zoom in | If a photographer or a camera zooms in, the image changes so that it looks as if the camera is moving closer to the object being photographed or filmed."